TimeStamp,Partida V115,Estado Bombeo Semi V115,SP Semi V115,Estado Bombeo Receta V115,SP Receta V115,Consumo V115,Partida D122,Estado Bombeo Semi D122,SP Semi D122,Estado Bombeo Receta D122,SP Receta D122,Consumo D122,Partida V131,Estado Bombeo Semi V131,SP Semi V131,Estado Bombeo Receta V131,SP Receta V131,Consumo V131,Partida V141,Estado Bombeo Semi V141,SP Semi V141,Estado Bombeo Receta V141,SP Receta V141,Consumo V141,Partida V241,Estado Bombeo Semi V241,SP Semi V241,Estado Bombeo Receta V241,SP Receta V241,Consumo V241
2024-10-20 00:00:00,12345678,,0,,,386.6051,12345678,,428,,,320.65186,12345678,,26.16053,,0,30.031921,,,,,,507.41309,,,,,,2825.3921
2024-10-20 01:00:00,12345678,,0,,,386.6051,12345678,,428,,,320.65186,12345678,,26.036686,,0,30.031921,,,,,,507.41309,,,,,,2825.3921
2024-10-20 02:00:00,12345678,,0,,,386.6051,12345678,,428,,,320.65186,12345678,,25.912842,,0,30.031921,,,,,,507.41309,,,,,,2825.3921
2024-10-20 03:00:00,12345678,,0,,,386.6051,12345678,,428,,,320.65186,12345678,,25.788998,,0,30.031921,,,,,,507.41309,,,,,,2825.3921
2024-10-20 04:00:00,12345678,,0,,,386.6051,12345678,,428,,,320.65186,12345678,,25.665154,,0,30.031921,,,,,,507.41309,,,,,,2825.3921
2024-10-20 05:00:00,12345678,,0,,,386.6051,12345678,,428,,,320.65186,12345678,,25.541309,,0,30.031921,,,,,,507.41309,,,,,,2825.3921
2024-10-20 06:00:00,12345678,,0,,,386.6051,12345678,,428,,,320.65186,12345678,,25.417465,,0,30.031921,,,,,,507.41309,,,,,,2825.3921
2024-10-20 07:00:00,12345678,,0,,,386.6051,12345678,,428,,,320.65186,12345678,,25.293621,,0,30.031921,,,,,,507.41309,,,,,,2825.3921
2024-10-20 08:00:00,12345678,,0,,,386.6051,12345678,,428,,,320.65186,12345678,,25.169777,,0,30.031921,,,,,,507.41309,,,,,,2825.3921
2024-10-20 09:00:00,12345678,,0,,,386.6051,12345678,,428,,,320.65186,12345678,,25.045933,,0,30.031921,,,,,,507.41309,,,,,,2825.3921
2024-10-20 10:00:00,12345678,,0,,,386.6051,12345678,,428,,,320.65186,12345678,,24.922089,,0,30.031921,,,,,,507.41309,,,,,,2825.3921
2024-10-20 11:00:00,12345678,,0,,,386.6051,12345678,,428,,,320.65186,12345678,,24.798244,,0,30.031921,,,,,,507.41309,,,,,,2825.3921
2024-10-20 12:00:00,12345678,,0,,,386.6051,12345678,,428,,,320.65186,12345678,,24.6744,,0,30.031921,,,,,,507.41309,,,,,,2825.3921
2024-10-20 13:00:00,12345678,,0,,,386.6051,12345678,,428,,,320.65186,12345678,,24.550556,,0,30.031921,,,,,,507.41309,,,,,,2825.3921
2024-10-20 14:00:00,12345678,,0,,,386.6051,12345678,,428,,,320.65186,12345678,,24.426712,,0,30.031921,,,,,,507.41309,,,,,,2825.3921
2024-10-20 15:00:00,12345678,,0,,,386.6051,12345678,,428,,,320.65186,12345678,,24.302868,,0,30.031921,,,,,,507.41309,,,,,,2825.3921
2024-10-20 16:00:00,12345678,,0,,,386.6051,12345678,,428,,,320.65186,12345678,,24.179024,,0,30.031921,,,,,,507.41309,,,,,,2825.3921
2024-10-20 17:00:00,12345678,,0,,,386.6051,12345678,,428,,,320.65186,12345678,,24.05518,,0,30.031921,,,,,,507.41309,,,,,,2825.3921
2024-10-20 18:00:00,12345678,,0,,,386.6051,12345678,,428,,,320.65186,12345678,,23.931335,,0,30.031921,,,,,,507.41309,,,,,,2825.3921
2024-10-20 19:00:00,12345678,,0,,,386.6051,12345678,,428,,,320.65186,12345678,,23.807491,,0,30.031921,,,,,,507.41309,,,,,,2825.3921
2024-10-20 20:00:00,12345678,,0,,,386.6051,12345678,,428,,,320.65186,12345678,,23.683647,,0,30.031921,,,,,,507.41309,,,,,,2825.3921
2024-10-20 21:00:00,12345678,,0,,,386.6051,12345678,,428,,,320.65186,12345678,,23.559803,,0,30.031921,,,,,,507.41309,,,,,,2825.3921
2024-10-20 22:00:00,12345678,,0,,,386.6051,12345678,,428,,,320.65186,12345678,,23.435959,,0,30.031921,,,,,,507.41309,,,,,,2825.3921
2024-10-20 23:00:00,12345678,,0,,,386.6051,12345678,,428,,,320.65186,12345678,,23.312115,,0,30.031921,,,,,,507.41309,,,,,,2825.3921
2024-10-21 00:00:00,12345678,,0,,,386.6051,12345678,,428,,,320.65186,12345678,,23.188271,,0,30.031921,,,,,,508.9834,,,,,,2825.3921
2024-10-21 01:00:00,12345678,,0,,,386.6051,12345678,,428,,,320.65186,12345678,,23.064426,,0,30.031921,,,,,,508.9834,,,,,,2825.3921
2024-10-21 02:00:00,12345678,,0,,,386.6051,12345678,,428,,,320.65186,12345678,,22.940582,,0,30.031921,,,,,,508.9834,,,,,,2825.3921
2024-10-21 03:00:00,12345678,,0,,,386.6051,12345678,,428,,,320.65186,12345678,,22.81674,,0,30.031921,,,,,,508.9834,,,,,,2825.3921
2024-10-21 04:00:00,12345678,,0,,,386.6051,12345678,,428,,,320.65186,12345678,,22.692896,,0,30.031921,,,,,,508.9834,,,,,,2825.3921
2024-10-21 05:00:00,12345678,,0,,,386.6051,12345678,,428,,,320.65186,12345678,,22.569052,,0,30.031921,,,,,,508.9834,,,,,,2825.3921
2024-10-21 06:00:00,12345678,,0,,,386.6051,12345678,,428,,,320.65186,12345678,,22.445208,,0,30.031921,,,,,,508.9834,,,,,,2825.3921
2024-10-21 07:00:00,12345678,,0,,,386.6051,12345678,,428,,,320.65186,12345678,,22.321363,,0,30.031921,,,,,,508.9834,,,,,,2825.3921
2024-10-21 08:00:00,12345678,,0,,,386.6051,12345678,,428,,,320.65186,12345678,,22.197519,,0,30.031921,,,,,,506.43164,,,,,,2825.3921
2024-10-21 09:00:00,12345678,,0,,,386.6051,12345678,,428,,,320.65186,12345678,,22.073675,,0,30.031921,,,,,,506.43164,,,,,,2825.3921
2024-10-21 10:00:00,12345678,,0,,,386.6051,12345678,,428,,,320.65186,12345678,,21.949831,,0,30.031921,,,,,,506.43164,,,,,,2825.3921
2024-10-21 11:00:00,12345678,,0,,0,386.6051,12345678,,428,,0,320.65186,12345678,,21.825987,,0,30.031921,,,,,,506.43164,,,,,,2825.3921
2024-10-21 12:00:00,12345678,,0,,0,386.6051,12345678,,428,,0,320.65186,12345678,,21.702143,,0,30.031921,,,50,,14.973178,506.43164,,,,,,2825.3921
2024-10-21 13:00:00,12345678,,0,,0,386.6051,12345678,,428,,0,320.65186,12345678,,21.578299,,0,30.031921,,,50,,108.2516,506.43164,,,,,,2825.3921
2024-10-21 14:00:00,12345678,,0,,0,386.6051,12345678,,428,,0,320.65186,12345678,,21.454454,,0,30.031921,,,50,,201.53003,506.43164,,,,,,2825.3921
2024-10-21 15:00:00,12345678,,0,,0,386.6051,12345678,,428,,0,320.65186,12345678,,21.33061,,0,30.031921,,,50,,294.80847,506.43164,,,100,,28.267992,2825.3921
2024-10-21 16:00:00,12345678,,0,,0,386.6051,12345678,,428,,0,320.65186,12345678,,21.206766,,0,30.031921,,,50,,388.08688,506.43164,,,100,,65.854172,2825.3921
2024-10-21 17:00:00,12345678,,0,,0,386.6051,12345678,,428,,0,320.65186,12345678,,21.082922,,0,30.031921,,,50,,481.36533,506.43164,,,100,,103.44035,2825.3921
2024-10-21 18:00:00,12345678,,0,,0,386.6051,12345678,,428,,0,320.65186,12345678,,20.959078,,0,30.031921,,,50,,574.64374,506.43164,,,100,,141.02654,2825.3921
2024-10-21 19:00:00,12345678,,0,,0,386.6051,12345678,,428,,0,320.65186,12345678,,20.835234,,0,30.031921,,,50,,667.92218,506.43164,,,100,,178.6127,2825.3921
2024-10-21 20:00:00,12345678,,0,,0,386.6051,12345678,,428,,0,320.65186,12345678,,20.71139,,0,30.031921,,,50,,761.20062,506.43164,,,100,,216.19888,2825.3921
2024-10-21 21:00:00,12345678,,0,,0,386.6051,12345678,,428,,0,320.65186,12345678,,20.587545,,0,30.031921,,,50,,854.479,506.43164,,,100,,253.78506,2825.3921
2024-10-21 22:00:00,12345678,,0,,0,386.6051,12345678,,428,,0,320.65186,12345678,,20.463701,,0,30.031921,,,50,,947.75745,506.43164,,,100,,291.37125,2825.3921
2024-10-21 23:00:00,12345678,,0,,0,386.6051,12345678,,428,,0,320.65186,12345678,,20.339857,,0,30.031921,,,50,,1041.0359,506.43164,,,100,,328.95743,2825.3921
2024-10-22 00:00:00,12345678,,0,,0,386.6051,12345678,,428,,0,320.65186,12345678,,20.216013,,0,30.031921,,,50,,1134.3143,506.43164,,,100,,366.54361,2825.3921
2024-10-22 01:00:00,12345678,,0,,0,386.6051,12345678,,428,,0,320.65186,12345678,,20.092169,,0,30.031921,,,50,,1227.5928,506.43164,,,100,,404.12979,2825.3921
2024-10-22 02:00:00,12345678,,0,,0,386.6051,12345678,,428,,0,320.65186,12345678,,19.968325,,0,30.031921,,,50,,1320.8712,506.43164,,,100,,441.71594,2825.3921
2024-10-22 03:00:00,12345678,,0,,0,386.6051,12345678,,428,,0,320.65186,12345678,,19.844481,,0,30.031921,,,50,,1414.1495,506.43164,,,100,,479.30212,2825.3921
2024-10-22 04:00:00,12345678,,0,,0,386.6051,12345678,,428,,0,320.65186,12345678,,19.720636,,0,30.031921,,,50,,1507.428,506.43164,,,100,,516.88831,2825.3921
2024-10-22 05:00:00,12345678,,0,,0,386.6051,12345678,,428,,0,320.65186,12345678,,19.596792,,0,30.031921,,,50,,1600.7064,506.43164,,,100,,554.47449,2825.3921
2024-10-22 06:00:00,12345678,,0,,0,386.6051,12345678,,428,,0,320.65186,12345678,,19.472948,,0,30.031921,,,50,,1693.9849,506.43164,,,100,,592.06067,2825.3921
2024-10-22 07:00:00,12345678,,0,,0,386.6051,12345678,,428,,0,320.65186,12345678,,19.349104,,0,30.031921,,,50,,1787.2633,506.43164,,,100,,629.64685,2825.3921
2024-10-22 08:00:00,12345678,,0,,0,386.6051,12345678,,428,,0,320.65186,12345678,,19.22526,,0,30.031921,,,50,,1880.5417,506.43164,,,100,,667.23303,2825.3921
2024-10-22 09:00:00,12345678,,0,,0,386.6051,12345678,,428,,0,320.65186,12345678,,19.101416,,0,30.031921,,,50,,1973.8202,506.43164,,,100,,704.81921,2825.3921
2024-10-22 10:00:00,12345678,,0,,0,386.6051,12345678,,428,,0,320.65186,12345678,,18.977571,,0,30.031921,,,50,,2067.0986,506.43164,,,100,,742.4054,2825.3921
2024-10-22 11:00:00,12345678,,0,,0,386.6051,12345678,,428,,0,320.65186,12345678,,18.853727,,0,30.031921,,,50,,2160.377,506.43164,,,100,,779.99158,2825.3921
2024-10-22 12:00:00,12345678,,0,,0,386.6051,12345678,,428,,0,320.65186,12345678,,18.729883,,0,30.031921,,,50,,2253.6555,506.43164,,,100,,817.57776,2825.3921
2024-10-22 13:00:00,12345678,,0,,0,386.6051,12345678,,428,,0,320.65186,12345678,,18.606039,,0,30.031921,,,50,,2346.9338,506.43164,,,100,,855.16394,2825.3921
2024-10-22 14:00:00,12345678,,0,,0,386.6051,12345678,,428,,0,320.65186,12345678,,18.482195,,0,30.031921,,,50,,2440.2124,506.43164,,,100,,892.75012,2825.3921
2024-10-22 15:00:00,12345678,-65536,0,-65536,0,386.6051,12345678,,428,-65536,0,320.65186,12345678,-65536,18.358351,,0,30.031921,,-65536,50,-65536,2533.4907,506.43164,,-65536,100,-65536,930.33624,2825.3921
2024-10-22 16:00:00,12345678,-65536,0,-65536,0,386.6051,12345678,,428,-65536,0,320.65186,12345678,-65536,18.234507,,0,30.031921,,-65536,50,-65536,2626.769,506.43164,,-65536,100,-65536,967.92242,2825.3921
2024-10-22 17:00:00,12345678,-65536,0,-65536,0,386.6051,12345678,-2359296,428,-65536,0,320.65186,12345678,-65536,18.110662,,0,30.031921,,-65536,50,-65536,2720.0476,506.43164,,-65536,100,-65536,1005.5086,2825.3921
2024-10-22 18:00:00,12345678,-65536,0,-65536,0,386.6051,12345678,-2359296,428,-65536,0,320.65186,12345678,-65536,17.986818,,0,30.031921,,-65536,50,-65536,2813.3259,506.43164,,-65536,100,-65536,1043.0948,2825.3921
2024-10-22 19:00:00,12345678,-65536,0,-65536,0,386.6051,12345678,-2359296,428,-65536,0,320.65186,12345678,-65536,17.862974,,0,30.031921,,-65536,50,-65536,2906.6045,506.43164,,-65536,100,-65536,1080.681,2825.3921
2024-10-22 20:00:00,12345678,-65536,0,-65536,0,386.6051,12345678,-2359296,428,-65536,0,320.65186,12345678,-65536,17.73913,,0,30.031921,,-65536,50,-65536,2999.8828,506.43164,,-65536,100,-65536,1118.2672,2825.3921
2024-10-22 21:00:00,12345678,-65536,0,-65536,0,386.6051,12345678,-2359296,428,-65536,0,320.65186,12345678,-65536,17.615286,,0,30.031921,,-65536,50,-65536,3093.1614,506.43164,,-65536,100,-65536,1155.8534,2825.3921
2024-10-22 22:00:00,12345678,-65536,0,-65536,0,386.6051,12345678,-2359296,428,-65536,0,320.65186,12345678,-65536,17.491442,,0,30.031921,,-65536,50,-65536,3186.4397,506.43164,,-65536,100,-65536,1193.4396,2825.3921
2024-10-22 23:00:00,12345678,-65536,0,-65536,0,386.6051,12345678,-2359296,428,-65536,0,320.65186,12345678,-65536,17.367598,,0,30.031921,,-65536,50,-65536,3279.7183,506.43164,,-65536,100,-65536,1231.0258,2825.3921
2024-10-23 00:00:00,12345678,-65536,0,-65536,0,386.6051,12345678,-2359296,428,-65536,0,320.65186,12345678,-65536,17.243753,,0,30.031921,,-65536,50,-65536,3372.9966,506.43164,,-65536,100,-65536,1268.6119,2825.3921
2024-10-23 01:00:00,12345678,-65536,0,-65536,0,386.6051,12345678,-2359296,428,-65536,0,320.65186,12345678,-65536,17.119909,,0,30.031921,,-65536,50,-65536,3466.2749,506.43164,,-65536,100,-65536,1306.198,2825.3921
2024-10-23 02:00:00,12345678,-65536,0,-65536,0,386.6051,12345678,-2359296,428,-65536,0,320.65186,12345678,-65536,16.996065,,0,30.031921,,-65536,50,-65536,3559.5535,506.43164,,-65536,100,-65536,1343.7842,2825.3921
2024-10-23 03:00:00,12345678,-65536,0,-65536,0,386.6051,12345678,-2359296,428,-65536,0,320.65186,12345678,-65536,16.872221,,0,30.031921,,-65536,50,-65536,3652.8318,506.43164,,-65536,100,-65536,1381.3704,2825.3921
2024-10-23 04:00:00,12345678,-65536,0,-65536,0,386.6051,12345678,-2359296,428,-65536,0,320.65186,12345678,-65536,16.748379,,0,30.031921,,-65536,50,-65536,3746.1104,506.43164,,-65536,100,-65536,1418.9565,2825.3921
2024-10-23 05:00:00,12345678,-65536,0,-65536,0,386.6051,12345678,-2359296,428,-65536,0,320.65186,12345678,-65536,16.624535,,0,30.031921,,-65536,50,-65536,3839.3887,506.43164,,-65536,100,-65536,1456.5427,2825.3921
2024-10-23 06:00:00,12345678,-65536,0,-65536,0,386.6051,12345678,-2359296,428,-65536,0,320.65186,12345678,-65536,16.50069,,0,30.031921,,-65536,50,-65536,3932.6672,506.43164,,-65536,100,-65536,1494.1289,2825.3921
2024-10-23 07:00:00,12345678,-65536,0,-65536,0,386.6051,12345678,-2359296,428,-65536,0,320.65186,12345678,-65536,16.376846,,0,30.031921,,-65536,50,-65536,4025.9456,506.43164,,-65536,100,-65536,1531.7151,2825.3921
2024-10-23 08:00:00,12345678,-65536,0,-65536,0,386.6051,12345678,-2359296,428,-65536,0,320.65186,12345678,-65536,16.253002,,0,30.031921,,-65536,50,-65536,4119.2241,506.43164,,-65536,100,-65536,1569.3013,2825.3921
2024-10-23 09:00:00,12345678,-65536,0,-65536,0,386.6051,12345678,-2359296,428,-65536,0,320.65186,12345678,-65536,16.129158,,0,30.031921,,-65536,50,-65536,4212.5024,506.43164,,-65536,100,-65536,1606.8875,2825.3921
2024-10-23 10:00:00,12345678,-65536,0,-65536,0,386.6051,12345678,-2359296,428,-65536,0,320.65186,12345678,-65536,16.005314,,0,30.031921,,-65536,50,-65536,4305.7808,506.43164,,-65536,100,-65536,1644.4736,2825.3921
2024-10-23 11:00:00,12345678,-65536,0,-65536,0,386.6051,12345678,-2359296,428,-65536,0,320.65186,12345678,-65536,15.881469,,0,30.031921,,-65536,50,-65536,4335.4922,4350.21,,-65536,100,-65536,1682.0598,2825.3921
2024-10-23 12:00:00,12345678,-65536,0,-65536,0,386.6051,12345678,-2359296,428,-65536,0,320.65186,12345678,-65536,15.757625,,0,30.031921,,-65536,50,-65536,4319.0874,4350.21,,-65536,100,-65536,1719.646,2825.3921
2024-10-23 13:00:00,12345678,-65536,0,-65536,0,386.6051,12345678,-2359296,428,-65536,0,320.65186,12345678,-65536,15.63378,,0,30.031921,,-65536,50,-65536,4302.6821,4350.21,,-65536,100,-65536,1757.2322,2825.3921
2024-10-23 14:00:00,12345678,-65536,0,-65536,0,386.6051,12345678,-2359296,428,-65536,0,320.65186,12345678,-65536,15.509936,,0,30.031921,,-65536,50,-65536,4286.2769,4350.21,,-65536,100,-65536,1794.8184,2825.3921
2024-10-23 15:00:00,12345678,-65536,0,-65536,0,386.6051,12345678,-2359296,428,-65536,0,320.65186,12345678,-65536,15.386092,,0,30.031921,,-65536,50,-65536,4269.8716,4350.21,,-65536,100,-65536,1832.4045,2825.3921
2024-10-23 16:00:00,12345678,-65536,0,-65536,0,386.6051,12345678,-2359296,428,-65536,0,320.65186,12345678,-65536,15.262249,,0,30.031921,,-65536,50,-65536,4253.4663,4350.21,,-65536,100,-65536,1869.9907,2825.3921
2024-10-23 17:00:00,12345678,-65536,0,-65536,0,386.6051,12345678,-2359296,428,-65536,0,320.65186,12345678,-65536,15.138405,,0,30.031921,,-65536,50,-65536,4237.061,4350.21,,-65536,100,-65536,1907.5769,2825.3921
2024-10-23 18:00:00,12345678,-65536,0,-65536,0,386.6051,12345678,-2359296,428,-65536,0,320.65186,12345678,-65536,15.014561,,0,30.031921,,-65536,50,-65536,4220.6558,4350.209,,-65536,100,-65536,1945.1631,2825.3921
2024-10-23 19:00:00,12345678,-65536,0,-65536,0,386.6051,12345678,-2359296,428,-65536,0,320.65186,12345678,-65536,14.890717,,0,30.031921,,-65536,50,-65536,4204.2505,4350.209,,-65536,100,-65536,1982.7493,2825.3921
2024-10-23 20:00:00,12345678,-65536,0,-65536,0,386.6051,12345678,-2359296,428,-65536,0,320.65186,12345678,-65536,14.766872,,0,30.031921,,-65536,50,-65536,4187.8452,4350.209,,-65536,100,-65536,2020.3354,2825.3921
2024-10-23 21:00:00,12345678,-65536,0,-65536,0,386.6051,12345678,-2359296,428,-65536,0,320.65186,12345678,-65536,14.643028,,0,30.031921,,-65536,50,-65536,4171.4399,4350.209,,-65536,100,-65536,2057.9216,2825.3921
2024-10-23 22:00:00,12345678,-65536,0,-65536,0,386.6051,12345678,-2359296,428,-65536,0,320.65186,12345678,-65536,14.519184,,0,30.031921,,-65536,50,-65536,4155.0347,4350.209,,-65536,100,-65536,2095.5078,2825.3921
2024-10-23 23:00:00,12345678,-65536,0,-65536,0,386.6051,12345678,-2359296,428,-65536,0,320.65186,12345678,-65536,14.39534,,0,30.031921,,-65536,50,-65536,4138.6299,4350.209,,-65536,100,-65536,2133.094,2825.3921
2024-10-24 00:00:00,12345678,-65536,0,-65536,0,386.6051,12345678,-2359296,428,-65536,0,320.65186,12345678,-65536,14.271496,,0,30.031921,,-65536,50,-65536,4122.2246,4350.209,,-65536,100,-65536,2170.6802,2825.3921
2024-10-24 01:00:00,12345678,-65536,0,-65536,0,386.6051,12345678,-2359296,428,-65536,0,320.65186,12345678,-65536,14.147652,,0,30.031921,,-65536,50,-65536,4105.8193,4350.209,,-65536,100,-65536,2208.2664,2825.3921
2024-10-24 02:00:00,12345678,-65536,0,-65536,0,386.6051,12345678,-2359296,428,-65536,0,320.65186,12345678,-65536,14.023808,,0,30.031921,,-65536,50,-65536,4089.4141,4348.0498,,-65536,100,-65536,2245.8525,2825.3921
2024-10-24 03:00:00,12345678,-65536,0,-65536,0,386.6051,12345678,-2359296,428,-65536,0,320.65186,12345678,-65536,13.899963,,0,30.031921,,-65536,50,-65536,4073.0088,4348.0498,,-65536,100,-65536,2283.4387,2825.3921
2024-10-24 04:00:00,12345678,-65536,0,-65536,0,386.6051,12345678,-2359296,428,-65536,0,320.65186,12345678,-65536,13.776119,,0,30.031921,,-65536,50,-65536,4056.6035,4348.0498,,-65536,100,-65536,2321.0249,2825.3921
2024-10-24 05:00:00,12345678,-65536,0,-65536,0,386.6051,12345678,-2359296,428,-65536,0,320.65186,12345678,-65536,13.652275,,0,30.031921,,-65536,50,-65536,4040.1982,4348.0498,,-65536,100,-65536,2358.6111,2825.3921
2024-10-24 06:00:00,12345678,-65536,0,-65536,0,386.6051,12345678,-2359296,428,-65536,0,320.65186,12345678,-65536,13.528431,,0,30.031921,,-65536,50,-65536,4023.793,4348.0498,,-65536,100,-65536,2396.1973,2825.3921
2024-10-24 07:00:00,12345678,-65536,0,-65536,0,386.6051,12345678,-2359296,428,-65536,0,320.65186,12345678,-65536,13.404587,,0,30.031921,,-65536,50,-65536,4007.3879,4348.0498,,-65536,100,-65536,2433.7834,2825.3921
2024-10-24 08:00:00,12345678,-65536,0,-65536,0,386.6051,12345678,-2359296,428,-65536,0,320.65186,12345678,-65536,13.280743,,0,30.031921,,-65536,50,-65536,3990.9827,4348.0498,,-65536,100,-65536,2471.3696,2825.3921
2024-10-24 09:00:00,12345678,-65536,0,-65536,0,386.6051,12345678,-2359296,428,-65536,0,320.65186,12345678,-65536,13.156898,,0,30.031921,,-65536,50,-65536,3974.5774,4348.0498,,-65536,100,-65536,2508.9558,2825.3921
2024-10-24 10:00:00,12345678,-65536,0,-65536,0,386.6051,12345678,-2359296,428,-65536,0,320.65186,12345678,-65536,13.033054,,0,30.031921,,-65536,50,-65536,3958.1721,4348.0498,,-65536,100,-65536,2546.542,2825.3921
2024-10-24 11:00:00,12345678,-65536,0,-65536,0,386.6051,12345678,-2359296,428,-65536,0,320.65186,12345678,-65536,12.90921,,0,30.031921,,-65536,50,-65536,3941.7668,4350.4063,,-65536,100,-65536,2584.1282,2825.3921
2024-10-24 12:00:00,12345678,-65536,0,-65536,0,386.6051,12345678,-2359296,428,-65536,0,320.65186,12345678,-65536,12.785366,,0,30.031921,,-65536,50,-65536,3925.3618,4350.4063,,-65536,100,-65536,2621.7144,2825.3921
2024-10-24 13:00:00,12345678,-65536,0,-65536,0,386.6051,12345678,-2359296,428,-65536,0,320.65186,12345678,-65536,12.661522,,0,30.031921,,-65536,50,-65536,3908.9565,4350.4063,,-65536,100,-65536,2659.3005,2825.3921
2024-10-24 14:00:00,12345678,-65536,0,-65536,0,386.6051,12345678,-2359296,428,-65536,0,320.65186,12345678,-65536,12.537678,,0,30.031921,,-65536,50,-65536,3892.5513,4350.4063,,-65536,100,-65536,2696.8867,2825.3921
2024-10-24 15:00:00,12345678,-65536,0,-65536,0,386.6051,12345678,-2359296,428,-65536,0,320.65186,12345678,-65536,12.413834,-65536,0,30.031921,,-65536,50,-65536,3876.146,4350.4063,,-65536,100,-65536,2734.4729,2825.3921
2024-10-24 16:00:00,12345678,-65536,0,-65536,0,386.6051,12345678,-2359296,428,-65536,0,320.65186,12345678,-65536,12.289989,-65536,0,30.031921,,-65536,50,-65536,3859.7407,4350.4063,,-65536,100,-65536,2772.0591,2825.3921
2024-10-24 17:00:00,12345678,-65536,0,-65536,0,386.6051,12345678,-2359296,428,-65536,0,320.65186,12345678,-65536,12.166146,-65536,0,30.031921,,-65536,50,-65536,3843.3357,4350.4063,,-65536,100,-65536,2809.6453,2825.3921
2024-10-24 18:00:00,12345678,-65536,0,-65536,0,386.6051,12345678,-2359296,428,-65536,0,320.65186,12345678,-65536,12.042302,-65536,0,30.031921,,-65536,50,-65536,3826.9304,4350.4063,,-65536,100,-65536,2802.3018,2827.5569
2024-10-24 19:00:00,12345678,-65536,0,-65536,0,386.6051,12345678,-2359296,428,-65536,0,320.65186,12345678,-65536,11.918458,-65536,0,30.031921,,-65536,50,-65536,3810.5251,4350.4063,,-65536,100,-65536,2756.417,2827.5569
2024-10-24 20:00:00,12345678,-65536,0,-65536,0,386.6051,12345678,-2359296,428,-65536,0,320.65186,12345678,-65536,11.794614,-65536,0,30.031921,,-65536,50,-65536,3794.1199,4351.1904,,-65536,100,-65536,2710.532,2827.5569
2024-10-24 21:00:00,12345678,-65536,0,-65536,0,386.6051,12345678,-2359296,428,-65536,0,320.65186,12345678,-65536,11.67077,-65536,0,30.031921,,-65536,50,-65536,3777.7146,4351.1904,,-65536,100,-65536,2664.6472,2827.5569
2024-10-24 22:00:00,12345678,-65536,0,-65536,0,386.6051,12345678,-2359296,428,-65536,0,320.65186,12345678,-65536,11.546926,-65536,0,30.031921,,-65536,50,-65536,3761.3096,4351.1904,,-65536,100,-65536,2618.7625,2827.5569
2024-10-24 23:00:00,12345678,-65536,0,-65536,0,386.6051,12345678,-2359296,428,-65536,0,320.65186,12345678,-65536,11.423081,-65536,0,30.031921,,-65536,50,-65536,3744.9043,4351.1904,,-65536,100,-65536,2572.8777,2827.5569
2024-10-25 00:00:00,12345678,-65536,0,-65536,0,386.6051,12345678,-2359296,428,-65536,0,320.65186,12345678,-65536,11.299237,-65536,0,30.031921,,-65536,50,-65536,3728.499,4351.1904,,-65536,100,-65536,2526.9927,2827.5569
2024-10-25 01:00:00,12345678,-65536,0,-65536,0,386.6051,12345678,-2359296,428,-65536,0,320.65186,12345678,-65536,11.175393,-65536,0,30.031921,,-65536,50,-65536,3712.0938,4351.1904,,-65536,100,-65536,2481.1079,2827.5569
2024-10-25 02:00:00,12345678,-65536,0,-65536,0,386.6051,12345678,-2359296,428,-65536,0,320.65186,12345678,-65536,11.051549,-65536,0,30.031921,,-65536,50,-65536,3695.6885,4351.1904,,-65536,100,-65536,2435.2231,2827.5569
2024-10-25 03:00:00,12345678,-65536,0,-65536,0,386.6051,12345678,-2359296,428,-65536,0,320.65186,12345678,-65536,10.927705,-65536,0,30.031921,,-65536,50,-65536,3679.2832,4351.1904,,-65536,100,-65536,2389.3381,2825.6873
2024-10-25 04:00:00,12345678,-65536,0,-65536,0,386.6051,12345678,-2359296,428,-65536,0,320.65186,12345678,-65536,10.803861,-65536,0,30.031921,,-65536,50,-65536,3662.8782,4351.1904,,-65536,100,-65536,2343.4534,2825.6873
2024-10-25 05:00:00,12345678,-65536,0,-65536,0,386.6051,12345678,-2359296,428,-65536,0,320.65186,12345678,-65536,10.680017,-65536,0,30.031921,,-65536,50,-65536,3646.4729,4351.1904,,-65536,100,-65536,2297.5686,2825.6873
2024-10-25 06:00:00,12345678,-65536,0,-65536,0,386.6051,12345678,-2359296,428,-65536,0,320.65186,12345678,-65536,10.556172,-65536,0,30.031921,,-65536,50,-65536,3630.0676,4351.1904,,-65536,100,-65536,2251.6836,2825.6873
2024-10-25 07:00:00,12345678,-65536,0,-65536,0,386.6051,12345678,-2359296,428,-65536,0,320.65186,12345678,-65536,10.432328,-65536,0,30.031921,,-65536,50,-65536,3613.6624,4351.1904,,-65536,100,-65536,2205.7988,2825.6873
2024-10-25 08:00:00,12345678,-65536,0,-65536,0,386.6051,12345678,-2359296,428,-65536,0,320.65186,12345678,-65536,10.308484,-65536,0,30.031921,,-65536,50,-65536,3597.2571,4351.1904,,-65536,100,-65536,2159.9141,2825.6873
2024-10-25 09:00:00,12345678,-65536,0,-65536,0,386.6051,12345678,-2359296,428,-65536,0,320.65186,12345678,-65536,10.18464,-65536,0,30.031921,,-65536,50,-65536,3580.8521,4351.1904,,-65536,100,-65536,2114.0293,2825.6873
2024-10-25 10:00:00,12345678,-65536,0,-65536,0,386.6051,12345678,-2359296,428,-65536,0,320.65186,12345678,-65536,10.060796,-65536,0,30.031921,,-65536,50,-65536,3564.4468,4351.1904,,-65536,100,-65536,2068.1443,2825.6873
2024-10-25 11:00:00,12345678,-65536,0,-65536,0,386.6051,12345678,-2359296,428,-65536,0,320.65186,12345678,-65536,9.9369516,-65536,0,30.031921,,-65536,50,-65536,3548.0415,4351.1904,,-65536,100,-65536,2022.2595,2825.6873
2024-10-25 12:00:00,12345678,-65536,0,-65536,0,386.6051,12345678,-2359296,428,-65536,0,320.65186,12345678,-65536,9.8131075,-65536,0,30.031921,,-65536,50,-65536,3531.6362,4351.1904,,-65536,100,-65536,1976.3748,2825.6873
2024-10-25 13:00:00,12345678,-65536,0,-65536,0,386.6051,12345678,-2359296,428,-65536,0,320.65186,12345678,-65536,9.6892633,-65536,0,30.031921,,-65536,50,-65536,3515.231,4351.1904,,-65536,100,-65536,1930.4899,2825.6873
2024-10-25 14:00:00,12345678,-65536,0,-65536,0,386.6051,12345678,-2359296,428,-65536,0,320.65186,12345678,-65536,9.5654192,-65536,0,30.031921,,-65536,50,-65536,3498.8259,4351.1904,,-65536,100,-65536,1884.605,2825.6873
2024-10-25 15:00:00,12345678,-65536,0,-65536,0,386.6051,12345678,-2359296,428,-65536,0,320.65186,12345678,-65536,9.4415751,-65536,0,30.031921,,-65536,50,-65536,3482.4207,4351.1904,,-65536,100,-65536,1838.7202,2825.6873
2024-10-25 16:00:00,12345678,-65536,0,-65536,0,386.6051,12345678,-2359296,428,-65536,0,320.65186,12345678,-65536,9.3177309,-65536,0,30.031921,,-65536,50,-65536,3466.0154,4351.1904,,-65536,100,-65536,1792.8353,2825.6873
2024-10-25 17:00:00,12345678,-65536,0,-65536,0,386.6051,12345678,-2359296,428,-65536,0,320.65186,12345678,-65536,9.1938868,-65536,0,30.031921,,-65536,50,-65536,3449.6101,4351.1904,,-65536,100,-65536,1746.9506,2825.6873
2024-10-25 18:00:00,12345678,-65536,0,-65536,0,386.6051,12345678,-2359296,428,-65536,0,320.65186,12345678,-65536,9.0700436,-65536,0,30.031921,,-65536,50,-65536,3433.2048,4351.1904,,-65536,100,-65536,1701.0657,2825.6873
2024-10-25 19:00:00,12345678,-65536,0,-65536,0,386.6051,12345678,-2359296,428,-65536,0,320.65186,12345678,-65536,8.9461994,-65536,0,30.031921,,-65536,50,-65536,3416.7998,4351.1904,,-65536,100,-65536,1655.1809,2825.6873
2024-10-25 20:00:00,12345678,-65536,0,-65536,0,386.6051,12345678,-2359296,428,-65536,0,320.65186,12345678,-65536,8.8223553,-65536,0,30.031921,,-65536,50,-65536,3400.3945,4351.1904,,-65536,100,-65536,1609.296,2825.6873
2024-10-25 21:00:00,12345678,-65536,0,-65536,0,386.6051,12345678,-2359296,428,-65536,0,320.65186,12345678,-65536,8.6985111,-65536,0,30.031921,,-65536,50,-65536,3383.9893,4351.1904,,-65536,100,-65536,1563.4111,2825.6873
2024-10-25 22:00:00,12345678,-65536,0,-65536,0,386.6051,12345678,-2359296,428,-65536,0,320.65186,12345678,-65536,8.574667,-65536,0,30.031921,,-65536,50,-65536,3367.584,4351.1904,,-65536,100,-65536,1517.5264,2825.6873
2024-10-25 23:00:00,12345678,-65536,0,-65536,0,386.6051,12345678,-2359296,428,-65536,0,320.65186,12345678,-65536,8.4508228,-65536,0,30.031921,,-65536,50,-65536,3351.1787,4351.1904,,-65536,100,-65536,1471.6415,2825.6873
2024-10-26 00:00:00,12345678,-65536,0,-65536,0,386.6051,12345678,-2359296,428,-65536,0,320.65186,12345678,-65536,8.3269787,-65536,0,30.031921,,-65536,50,-65536,3334.7734,4351.1904,,-65536,100,-65536,1425.7567,2825.6873
2024-10-26 01:00:00,12345678,-65536,0,-65536,0,386.6051,12345678,-2359296,428,-65536,0,320.65186,12345678,-65536,8.2031345,-65536,0,30.031921,,-65536,50,-65536,3318.3684,4351.1904,,-65536,100,-65536,1379.8718,2825.6873
2024-10-26 02:00:00,12345678,-65536,0,-65536,0,386.6051,12345678,-2359296,428,-65536,0,320.65186,12345678,-65536,8.0792904,-65536,0,30.031921,,-65536,50,-65536,3301.9631,4351.1904,,-65536,100,-65536,1333.9869,2825.6873
2024-10-26 03:00:00,12345678,-65536,0,-65536,0,386.6051,12345678,-2359296,428,-65536,0,320.65186,12345678,-65536,7.9554462,-65536,0,30.031921,,-65536,50,-65536,3285.5579,4351.1904,,-65536,100,-65536,1288.1022,2825.6873
2024-10-26 04:00:00,12345678,-65536,0,-65536,0,386.6051,12345678,-2359296,428,-65536,0,320.65186,12345678,-65536,7.8316021,-65536,0,30.031921,,-65536,50,-65536,3269.1526,4351.1904,,-65536,100,-65536,1242.2173,2825.6873
2024-10-26 05:00:00,12345678,-65536,0,-65536,0,386.6051,12345678,-2359296,428,-65536,0,320.65186,12345678,-65536,7.7077579,-65536,0,30.031921,,-65536,50,-65536,3252.7473,4351.1904,,-65536,100,-65536,1196.3325,2825.6873
2024-10-26 06:00:00,12345678,-65536,0,-65536,0,386.6051,12345678,-2359296,428,-65536,0,320.65186,12345678,-65536,7.5839138,-65536,0,30.031921,,-65536,50,-65536,3236.3423,4351.1904,,-65536,100,-65536,1150.4476,2825.6873
2024-10-26 07:00:00,12345678,-65536,0,-65536,0,386.6051,12345678,-2359296,428,-65536,0,320.65186,12345678,-65536,7.4600697,-65536,0,30.031921,,-65536,50,-65536,3219.937,4351.1904,,-65536,100,-65536,1104.5629,2825.6873
2024-10-26 08:00:00,12345678,-65536,0,-65536,0,386.6051,12345678,-2359296,428,-65536,0,320.65186,12345678,-65536,7.3362255,-65536,0,30.031921,,-65536,50,-65536,3203.5317,4351.1904,,-65536,100,-65536,1058.678,2825.6873
2024-10-26 09:00:00,12345678,-65536,0,-65536,0,386.6051,12345678,-2359296,428,-65536,0,320.65186,12345678,-65536,7.2123814,-65536,0,30.031921,,-65536,50,-65536,3187.1265,4351.1904,,-65536,100,-65536,1012.7932,2825.6873
2024-10-26 10:00:00,12345678,-65536,0,-65536,0,386.6051,12345678,-2359296,428,-65536,0,320.65186,12345678,-65536,7.0885372,-65536,0,30.031921,,-65536,50,-65536,3170.7212,4351.1904,,-65536,100,-65536,966.90833,2825.6873
2024-10-26 11:00:00,12345678,-65536,0,-65536,0,386.6051,12345678,-2359296,428,-65536,0,320.65186,12345678,-65536,6.9646931,-65536,0,30.031921,,-65536,50,-65536,3154.3162,4351.1904,,-65536,100,-65536,921.0235,2825.6873
2024-10-26 12:00:00,12345678,-65536,0,-65536,0,386.6051,12345678,-2359296,428,-65536,0,320.65186,12345678,-65536,6.8408494,-65536,0,30.031921,,-65536,50,-65536,3137.9109,4351.1904,,-65536,100,-65536,875.13861,2825.6873
2024-10-26 13:00:00,12345678,-65536,0,-65536,0,386.6051,12345678,-2359296,428,-65536,0,320.65186,12345678,-65536,6.7170053,-65536,0,30.031921,,-65536,50,-65536,3121.5056,4351.1904,,-65536,100,-65536,829.25378,2825.6873
2024-10-26 14:00:00,12345678,-65536,0,-65536,0,386.6051,12345678,-2359296,428,-65536,0,320.65186,12345678,-65536,6.5931611,-65536,0,30.031921,,-65536,50,-65536,3105.1003,4351.1904,,-65536,100,-65536,783.36896,2825.6873
2024-10-26 15:00:00,12345678,-65536,0,-65536,0,386.6051,12345678,-2359296,428,-65536,0,320.65186,12345678,-65536,6.469317,-65536,0,30.031921,,-65536,50,-65536,3088.6951,4351.1904,,-65536,100,-65536,737.48413,2825.6873
2024-10-26 16:00:00,12345678,-65536,0,-65536,0,386.6051,12345678,-2359296,428,-65536,0,320.65186,12345678,-65536,6.3454728,-65536,0,30.031921,,-65536,50,-65536,3072.29,4351.1904,,-65536,100,-65536,691.5993,2825.6873
2024-10-26 17:00:00,12345678,-65536,0,-65536,0,386.6051,12345678,-2359296,428,-65536,0,320.65186,12345678,-65536,6.2216287,-65536,0,30.031921,,-65536,50,-65536,3055.8848,4351.1904,,-65536,100,-65536,645.71448,2825.6873
2024-10-26 18:00:00,12345678,-65536,0,-65536,0,386.6051,12345678,-2359296,428,-65536,0,320.65186,12345678,-65536,6.0977845,-65536,0,30.031921,,-65536,50,-65536,3039.4795,4351.1904,,-65536,100,-65536,599.82965,2825.6873
2024-10-26 19:00:00,12345678,-65536,0,-65536,0,386.6051,12345678,-2359296,428,-65536,0,320.65186,12345678,-65536,5.9739404,-65536,0,30.031921,,-65536,50,-65536,3023.0742,4351.1904,,-65536,100,-65536,553.94476,2825.6873
2024-10-26 20:00:00,12345678,-65536,0,-65536,0,386.6051,12345678,-2359296,428,-65536,0,320.65186,12345678,-65536,5.8500962,-65536,0,30.031921,,-65536,50,-65536,3006.6689,4351.1904,,-65536,100,-65536,508.05994,2825.6873
2024-10-26 21:00:00,12345678,-65536,0,-65536,0,386.6051,12345678,-2359296,428,-65536,0,320.65186,12345678,-65536,5.7262521,-65536,0,30.031921,,-65536,50,-65536,2990.2637,4351.1904,,-65536,100,-65536,462.17511,2825.6873
2024-10-26 22:00:00,12345678,-65536,0,-65536,0,386.6051,12345678,-2359296,428,-65536,0,320.65186,12345678,-65536,5.6024079,-65536,0,30.031921,,-65536,50,-65536,2973.8586,4351.1904,,-65536,100,-65536,416.29028,2825.6873
2024-10-26 23:00:00,12345678,-65536,0,-65536,0,386.6051,12345678,-2359296,428,-65536,0,320.65186,12345678,-65536,5.4785638,-65536,0,30.031921,,-65536,50,-65536,2957.4534,4351.1904,,-65536,100,-65536,686.90588,398.8808
2024-10-27 00:00:00,12345678,-65536,0,-65536,0,386.6051,12345678,-2359296,428,-65536,0,320.65186,12345678,-65536,5.3547196,-65536,0,30.031921,,-65536,50,-65536,2941.0481,4351.1904,,-65536,100,-65536,1115.6993,398.8808
2024-10-27 01:00:00,12345678,-65536,0,-65536,0,386.6051,12345678,-2359296,428,-65536,0,320.65186,12345678,-65536,5.230876,-65536,0,30.031921,,-65536,50,-65536,2924.6428,4351.1904,,-65536,100,-65536,1144.9265,1369.1541
2024-10-27 02:00:00,12345678,-65536,0,-65536,0,386.6051,12345678,-2359296,428,-65536,0,320.65186,12345678,-65536,5.1070318,-65536,0,30.031921,,-65536,50,-65536,2908.2375,4351.1904,,-65536,100,-65536,591.83752,1369.1541
2024-10-27 03:00:00,12345678,-65536,0,-65536,0,386.6051,12345678,-2359296,428,-65536,0,320.65186,12345678,-65536,4.9831877,-65536,0,30.031921,,-65536,50,-65536,2891.8325,4351.1904,,-65536,100,-65536,317,315.0932
2024-10-27 04:00:00,12345678,-65536,0,-65536,0,386.6051,12345678,-2359296,428,-65536,0,320.65186,12345678,-65536,4.8593435,-65536,0,30.031921,,-65536,50,-65536,2875.4272,4351.1904,,-65536,100,-65536,317,315.0932
2024-10-27 05:00:00,12345678,-65536,0,-65536,0,386.6051,12345678,-2359296,428,-65536,0,320.65186,12345678,-65536,4.7354994,-65536,0,30.031921,,-65536,50,-65536,2859.022,4351.1904,,-65536,100,-65536,317,315.0932
2024-10-27 06:00:00,12345678,-65536,0,-65536,0,386.6051,12345678,-2359296,428,-65536,0,320.65186,12345678,-65536,4.6116552,-65536,0,30.031921,,-65536,50,-65536,2842.6167,4351.1904,,-65536,100,-65536,317,315.0932
2024-10-27 07:00:00,12345678,-65536,0,-65536,0,386.6051,12345678,-2359296,428,-65536,0,320.65186,12345678,-65536,4.4878111,-65536,0,30.031921,,-65536,50,-65536,2826.2114,4351.1904,,-65536,100,-65536,317,315.0932
2024-10-27 08:00:00,12345678,-65536,0,-65536,0,386.6051,12345678,-2359296,428,-65536,0,320.65186,12345678,-65536,4.3639669,-65536,0,30.031921,,-65536,50,-65536,2809.8064,4351.1904,,-65536,100,-65536,317,315.0932
2024-10-27 09:00:00,12345678,-65536,0,-65536,0,386.6051,12345678,-2359296,428,-65536,0,320.65186,12345678,-65536,4.2401228,-65536,0,30.031921,,-65536,50,-65536,2793.4011,4351.1904,,-65536,100,-65536,317,315.0932
2024-10-27 10:00:00,12345678,-65536,0,-65536,0,386.6051,12345678,-2359296,428,-65536,0,320.65186,12345678,-65536,4.1162786,-65536,0,30.031921,,-65536,50,-65536,2776.9958,4351.1904,,-65536,100,-65536,317,315.0932
2024-10-27 11:00:00,12345678,-65536,0,-65536,0,386.6051,12345678,-2359296,428,-65536,0,320.65186,12345678,-65536,3.9924347,-65536,0,30.031921,,-65536,50,-65536,2760.5906,4351.1904,,-65536,100,-65536,317,315.0932
2024-10-27 12:00:00,12345678,-65536,0,-65536,0,386.6051,12345678,-2359296,428,-65536,0,320.65186,12345678,-65536,3.8685906,-65536,0,30.031921,,-65536,50,-65536,2744.1853,4351.1904,,-65536,100,-65536,317,315.0932
2024-10-27 13:00:00,12345678,-65536,0,-65536,0,386.6051,12345678,-2359296,428,-65536,0,320.65186,12345678,-65536,3.7447464,-65536,0,30.031921,,-65536,50,-65536,2727.7803,4351.1904,,-65536,100,-65536,317,315.0932
2024-10-27 14:00:00,12345678,-65536,0,-65536,0,386.6051,12345678,-2359296,428,-65536,0,320.65186,12345678,-65536,3.6209023,-65536,0,30.031921,,-65536,50,-65536,2711.375,4351.1904,,-65536,100,-65536,317,315.0932
2024-10-27 15:00:00,12345678,-65536,0,-65536,0,386.6051,12345678,-2359296,428,-65536,0,320.65186,12345678,-65536,3.4970582,-65536,0,30.031921,,-65536,50,-65536,2694.9697,4351.1904,,-65536,100,-65536,317,315.0932
2024-10-27 16:00:00,12345678,-65536,0,-65536,0,386.6051,12345678,-2359296,428,-65536,0,320.65186,12345678,-65536,3.3732142,-65536,0,30.031921,,-65536,50,-65536,2678.5645,4351.1904,,-65536,100,-65536,317,315.0932
2024-10-27 17:00:00,12345678,-65536,0,-65536,0,386.6051,12345678,-2359296,428,-65536,0,320.65186,12345678,-65536,3.2493701,-65536,0,30.031921,,-65536,50,-65536,2662.1592,4351.1904,,-65536,100,-65536,317,315.0932
2024-10-27 18:00:00,12345678,-65536,0,-65536,0,386.6051,12345678,-2359296,428,-65536,0,320.65186,12345678,-65536,3.125526,-65536,0,30.031921,,-65536,50,-65536,2645.7539,4351.1904,,-65536,100,-65536,317,315.0932
2024-10-27 19:00:00,12345678,-65536,0,-65536,0,386.6051,12345678,-2359296,428,-65536,0,320.65186,12345678,-65536,3.0016818,-65536,0,30.031921,,-65536,50,-65536,2629.3489,4351.1904,,-65536,100,-65536,317,315.0932
2024-10-27 20:00:00,12345678,-65536,0,-65536,0,386.6051,12345678,-2359296,428,-65536,0,320.65186,12345678,-65536,2.8778377,-65536,0,30.031921,,-65536,50,-65536,2612.9436,4351.1904,,-65536,100,-65536,317,315.0932
2024-10-27 21:00:00,12345678,-65536,0,-65536,0,386.6051,12345678,-2359296,428,-65536,0,320.65186,12345678,-65536,2.7539935,-65536,0,30.031921,,-65536,50,-65536,2596.5383,4351.1904,,-65536,100,-65536,317,315.0932
2024-10-27 22:00:00,12345678,-65536,0,-65536,0,386.6051,12345678,-2359296,428,-65536,0,320.65186,12345678,-65536,2.6301496,-65536,0,30.031921,,-65536,50,-65536,2580.1331,4351.1904,,-65536,100,-65536,317,315.0932
2024-10-27 23:00:00,12345678,-65536,0,-65536,0,386.6051,12345678,-2359296,428,-65536,0,320.65186,12345678,-65536,2.5063055,-65536,0,30.031921,,-65536,50,-65536,2563.7278,4351.1904,,-65536,100,-65536,317,315.0932
2024-10-28 00:00:00,12345678,-65536,0,-65536,0,386.6051,12345678,-2359296,428,-65536,0,320.65186,12345678,-65536,2.3824613,-65536,0,30.031921,,-65536,50,-65536,2547.3228,4351.1904,,-65536,100,-65536,317,315.0932
2024-10-28 01:00:00,12345678,-65536,0,-65536,0,386.6051,12345678,-2359296,428,-65536,0,320.65186,12345678,-65536,2.2586172,-65536,0,30.031921,,-65536,50,-65536,2530.9175,4351.1904,,-65536,100,-65536,317,315.0932
2024-10-28 02:00:00,12345678,-65536,0,-65536,0,386.6051,12345678,-2359296,428,-65536,0,320.65186,12345678,-65536,2.134773,-65536,0,30.031921,,-65536,50,-65536,2514.5122,4351.1904,,-65536,100,-65536,317,315.0932
2024-10-28 03:00:00,12345678,-65536,0,-65536,0,386.6051,12345678,-2359296,428,-65536,0,320.65186,12345678,-65536,2.0109289,-65536,0,30.031921,,-65536,50,-65536,2498.1069,4351.1904,,-65536,100,-65536,317,315.0932
2024-10-28 04:00:00,12345678,-65536,0,-65536,0,386.6051,12345678,-2359296,428,-65536,0,320.65186,12345678,-65536,1.8870848,-65536,0,30.031921,,-65536,50,-65536,2481.7017,4351.1904,,-65536,100,-65536,317,315.0932
2024-10-28 05:00:00,12345678,-65536,0,-65536,0,386.6051,12345678,-2359296,428,-65536,0,320.65186,12345678,-65536,1.7632407,-65536,0,30.031921,,-65536,50,-65536,2465.2966,4351.1904,,-65536,100,-65536,317,315.0932
2024-10-28 06:00:00,12345678,-65536,0,-65536,0,386.6051,12345678,-2359296,428,-65536,0,320.65186,12345678,-65536,1.6393967,-65536,0,30.031921,,-65536,50,-65536,2448.8914,4351.1904,,-65536,100,-65536,317,315.0932
2024-10-28 07:00:00,12345678,-65536,0,-65536,0,386.6051,12345678,-2359296,428,-65536,0,320.65186,12345678,-65536,1.5155525,-65536,0,30.031921,,-65536,50,-65536,2432.4861,4351.1904,,-65536,100,-65536,317,315.0932
2024-10-28 08:00:00,12345678,-65536,0,-65536,0,386.6051,12345678,-2359296,428,-65536,0,320.65186,12345678,-65536,1.3917084,-65536,0,30.031921,,-65536,50,-65536,2416.0808,4351.1904,,-65536,100,-65536,317,315.0932
2024-10-28 09:00:00,12345678,-65536,0,-65536,0,386.6051,12345678,-2359296,428,-65536,0,320.65186,12345678,-65536,1.2678643,-65536,0,30.031921,,-65536,50,-65536,2399.6755,4351.1904,,-65536,100,-65536,317,315.0932
2024-10-28 10:00:00,12345678,-65536,0,-65536,0,386.6051,12345678,-2359296,428,-65536,0,320.65186,12345678,-65536,1.1440202,-65536,0,30.031921,,-65536,50,-65536,2383.2705,4351.1904,,-65536,100,-65536,317,315.0932
2024-10-28 11:00:00,12345678,-65536,0,-65536,0,386.6051,12345678,-2359296,428,-65536,0,320.65186,,-65536,1.0201761,-65536,0,30.031921,,-65536,50,-65536,2366.8652,4351.1904,,-65536,100,-65536,317,315.0932
2024-10-28 12:00:00,12345678,-65536,0,-65536,0,386.6051,12345678,-2359296,428,-65536,0,320.65186,10127430,-65536,1,-65536,0,0,,-65536,50,-65536,2327.6909,2367.6667,,-65536,100,-65536,317,315.0932
2024-10-28 13:00:00,12345678,-65536,0,-65536,0,386.6051,12345678,-2359296,428,-65536,0,320.65186,10127430,-65536,1,-65536,0,0,,-65536,50,-65536,2283.1797,2367.6667,,-65536,100,-65536,317,315.0932
2024-10-28 14:00:00,12345678,-65536,0,-65536,0,386.6051,12345678,-2359296,428,-65536,0,320.65186,10127430,-65536,1,-65536,0,0,,-65536,50,-65536,2238.6685,2367.6667,,-65536,100,-65536,317,315.0932
2024-10-28 15:00:00,12345678,-65536,0,-65536,0,386.6051,12345678,-2359296,428,-65536,0,320.65186,10127430,-65536,1,-65536,0,0,,-65536,50,-65536,2194.1572,2367.6667,,-65536,100,-65536,317,315.0932
2024-10-28 16:00:00,12345678,-65536,0,-65536,0,386.6051,12345678,-2359296,428,-65536,0,320.65186,10127430,-65536,1,-65536,0,0,,-65536,50,-65536,2149.646,2367.6667,,-65536,100,-65536,317,315.0932
2024-10-28 17:00:00,12345678,-65536,0,-65536,0,386.6051,12345678,-2359296,428,-65536,0,320.65186,10127430,-65536,1,-65536,0,0,,-65536,50,-65536,2105.1348,2367.6667,,-65536,100,-65536,317,315.0932
2024-10-28 18:00:00,12345678,-65536,0,-65536,0,386.6051,12345678,-2359296,428,-65536,0,320.65186,10127430,-65536,1,-65536,0,0,,-65536,50,-65536,2060.6235,2367.6667,,-65536,100,-65536,317,315.0932
2024-10-28 19:00:00,12345678,-65536,0,-65536,0,386.6051,12345678,-2359296,428,-65536,0,320.65186,10127430,-65536,1,-65536,0,0,,-65536,50,-65536,2016.1123,2367.6667,,-65536,100,-65536,317,315.0932
2024-10-28 20:00:00,12345678,-65536,0,-65536,0,386.6051,12345678,-2359296,428,-65536,0,320.65186,10127430,-65536,1,-65536,0,0,,-65536,50,-65536,1971.6011,2367.6667,,-65536,100,-65536,317,315.0932
2024-10-28 21:00:00,12345678,-65536,0,-65536,0,386.6051,12345678,-2359296,428,-65536,0,320.65186,10127430,-65536,1,-65536,0,0,,-65536,50,-65536,1927.0898,2370.0215,,-65536,100,-65536,317,315.0932
2024-10-28 22:00:00,12345678,-65536,0,-65536,0,386.6051,12345678,-2359296,428,-65536,0,320.65186,10127430,-65536,1,-65536,0,0,,-65536,50,-65536,1882.5786,2370.0215,,-65536,100,-65536,317,315.0932
2024-10-28 23:00:00,12345678,-65536,0,-65536,0,386.6051,12345678,-2359296,428,-65536,0,320.65186,10127430,-65536,1,-65536,0,0,,-65536,50,-65536,1838.0674,2370.0215,,-65536,100,-65536,317,315.0932
2024-10-29 00:00:00,12345678,-65536,0,-65536,0,386.6051,12345678,-2359296,428,-65536,0,320.65186,10127430,-65536,1,-65536,0,0,,-65536,50,-65536,1793.5562,2370.0215,,-65536,100,-65536,317,315.0932
2024-10-29 01:00:00,12345678,-65536,0,-65536,0,386.6051,12345678,-2359296,428,-65536,0,320.65186,10127430,-65536,1,-65536,0,0,,-65536,50,-65536,1749.0449,2370.0215,,-65536,100,-65536,317,315.0932
2024-10-29 02:00:00,12345678,-65536,0,-65536,0,386.6051,12345678,-2359296,428,-65536,0,320.65186,10127430,-65536,1,-65536,0,0,,-65536,50,-65536,1704.5337,2370.0215,,-65536,100,-65536,317,315.0932
2024-10-29 03:00:00,12345678,-65536,0,-65536,0,386.6051,12345678,-2359296,428,-65536,0,320.65186,10127430,-65536,1,-65536,0,0,,-65536,50,-65536,1660.0225,2370.0215,,-65536,100,-65536,317,315.0932
2024-10-29 04:00:00,12345678,-65536,0,-65536,0,386.6051,12345678,-2359296,428,-65536,0,320.65186,10127430,-65536,1,-65536,0,0,,-65536,50,-65536,1615.5112,2370.0215,,-65536,100,-65536,317,315.0932
2024-10-29 05:00:00,12345678,-65536,0,-65536,0,386.6051,12345678,-2359296,428,-65536,0,320.65186,10127430,-65536,1,-65536,0,0,,-65536,50,-65536,1571,2370.0215,,-65536,100,-65536,317,315.0932
2024-10-29 06:00:00,12345678,-65536,0,-65536,0,386.6051,12345678,-2359296,428,-65536,0,320.65186,10127430,-65536,1,-65536,0,0,,-65536,50,-65536,1526.4888,2370.0215,,-65536,100,-65536,317,315.0932
2024-10-29 07:00:00,12345678,-65536,0,-65536,0,386.6051,12345678,-2359296,428,-65536,0,320.65186,10127430,-65536,1,-65536,0,0,,-65536,50,-65536,1481.9775,2370.0215,,-65536,100,-65536,317,315.0932
2024-10-29 08:00:00,12345678,-65536,0,-65536,0,386.6051,12345678,-2359296,428,-65536,0,320.65186,10127430,-65536,1,-65536,0,0,,-65536,50,-65536,1437.4663,2370.0215,,-65536,100,-65536,317,315.0932
2024-10-29 09:00:00,12345678,-65536,0,-65536,0,386.6051,12345678,-2359296,428,-65536,0,320.65186,10127430,-65536,1,-65536,0,0,,-65536,50,-65536,1392.9551,2370.0215,,-65536,100,-65536,317,315.0932
2024-10-29 10:00:00,12345678,-65536,0,-65536,0,386.6051,12345678,-2359296,428,-65536,0,320.65186,10127430,-65536,1,-65536,0,0,,-65536,50,-65536,1348.4438,2370.0215,,-65536,100,-65536,317,315.0932
2024-10-29 11:00:00,10127432,-65536,0,-65536,0,386.6051,,-2359296,428,-65536,0,320.65186,10127430,-65536,1,-65536,0,0,,-65536,50,-65536,1303.9326,2370.0215,,-65536,100,-65536,317,315.0932
2024-10-29 12:00:00,10127432,-65536,0,-65536,0,386.6051,12345678,-2359296,428,-65536,0,320.65186,10127430,-65536,1,-65536,0,0,,-65536,50,-65536,1259.4214,2370.0215,,-65536,100,-65536,317,315.0932
2024-10-29 13:00:00,10127432,-65536,0,-65536,0,386.6051,12345678,-2359296,428,-65536,0,320.65186,10127430,-65536,1,-65536,0,0,12345785,-65536,50,-65536,1214.9102,2370.0215,,-65536,100,-65536,317,315.0932
2024-10-29 14:00:00,10127432,-65536,0,-65536,0,386.6051,12345678,-2359296,428,-65536,0,320.65186,10127430,-65536,1,-65536,0,0,12345785,-65536,50,-65536,1170.3989,2370.0215,,-65536,100,-65536,317,315.0932
2024-10-29 15:00:00,10127432,-65536,0,-65536,0,386.6051,12345678,-2359296,428,-65536,0,320.65186,10127430,-65536,1,-65536,0,0,12345785,-65536,50,-65536,1125.8877,2370.0215,,-65536,100,-65536,317,315.0932
2024-10-29 16:00:00,10127432,-65536,0,-65536,0,386.6051,12345678,-2359296,428,-65536,0,320.65186,10127430,-65536,1,-65536,0,0,12345785,-65536,50,-65536,1081.3765,2370.0215,,-65536,100,-65536,317,315.0932
2024-10-29 17:00:00,10127432,-65536,0,-65536,0,386.6051,12345678,-2359296,428,-65536,0,320.65186,10127430,-65536,1,-65536,0,0,12345785,-65536,50,-65536,1036.8652,2370.0215,,-65536,100,-65536,317,315.0932
2024-10-29 18:00:00,10127432,-65536,0,-65536,0,386.6051,12345678,-2359296,428,-65536,0,320.65186,10127430,-65536,1,-65536,0,0,12345785,-65536,50,-65536,992.35394,2370.0215,,-65536,100,-65536,317,315.0932
2024-10-29 19:00:00,10127432,-65536,0,-65536,0,386.6051,12345678,-2359296,428,-65536,0,320.65186,10127430,-65536,1,-65536,0,0,12345785,-65536,50,-65536,947.84271,2370.0215,,-65536,100,-65536,317,315.0932
2024-10-29 20:00:00,10127432,-65536,0,-65536,0,386.6051,12345678,-2359296,428,-65536,0,320.65186,10127430,-65536,1,-65536,0,0,12345785,-65536,50,-65536,903.33148,2370.0215,,-65536,100,-65536,317,315.0932
2024-10-29 21:00:00,10127432,-65536,0,-65536,0,386.6051,12345678,-2359296,428,-65536,0,320.65186,10127430,-65536,1,-65536,0,0,12345785,-65536,50,-65536,858.82025,2370.0215,,-65536,100,-65536,317,315.0932
2024-10-29 22:00:00,10127432,-65536,0,-65536,0,386.6051,12345678,-2359296,428,-65536,0,320.65186,10127430,-65536,1,-65536,0,0,12345785,-65536,50,-65536,814.30902,2370.0215,,-65536,100,-65536,317,315.0932
2024-10-29 23:00:00,10127432,-65536,0,-65536,0,386.6051,12345678,-2359296,428,-65536,0,320.65186,10127430,-65536,1,-65536,0,0,12345785,-65536,50,-65536,769.79779,2370.0215,,-65536,100,-65536,317,315.0932
2024-10-30 00:00:00,10127432,-65536,0,-65536,0,386.6051,12345678,-2359296,428,-65536,0,320.65186,10127430,-65536,1,-65536,0,0,12345785,-65536,50,-65536,725.28656,2370.0215,,-65536,100,-65536,317,315.0932
2024-10-30 01:00:00,10127432,-65536,0,-65536,0,386.6051,12345678,-2359296,428,-65536,0,320.65186,10127430,-65536,1,-65536,0,0,12345785,-65536,50,-65536,680.77533,2370.0215,,-65536,100,-65536,317,315.0932
2024-10-30 02:00:00,10127432,-65536,0,-65536,0,386.6051,12345678,-2359296,428,-65536,0,320.65186,10127430,-65536,1,-65536,0,0,12345785,-65536,50,-65536,636.2641,2370.0215,,-65536,100,-65536,317,315.0932
2024-10-30 03:00:00,10127432,-65536,0,-65536,0,386.6051,12345678,-2359296,428,-65536,0,320.65186,10127430,-65536,1,-65536,0,0,12345785,-65536,50,-65536,591.75287,2370.0215,,-65536,100,-65536,317,315.0932
2024-10-30 04:00:00,10127432,-65536,0,-65536,0,386.6051,12345678,-2359296,428,-65536,0,320.65186,10127430,-65536,1,-65536,0,0,12345785,-65536,50,-65536,547.24164,2370.0215,,-65536,100,-65536,317,315.0932
2024-10-30 05:00:00,10127432,-65536,0,-65536,0,386.6051,12345678,-2359296,428,-65536,0,320.65186,10127430,-65536,1,-65536,0,0,12345785,-65536,50,-65536,502.73038,2370.0215,,-65536,100,-65536,317,315.0932
2024-10-30 06:00:00,10127432,-65536,0,-65536,0,386.6051,12345678,-2359296,428,-65536,0,320.65186,10127430,-65536,1,-65536,0,0,12345785,-65536,50,-65536,499,506.43164,,-65536,100,-65536,317,315.0932
2024-10-30 07:00:00,10127432,-65536,0,-65536,0,386.6051,12345678,-2359296,428,-65536,0,320.65186,10127430,-65536,1,-65536,0,0,12345785,-65536,50,-65536,499,506.43164,,-65536,100,-65536,317,315.0932
2024-10-30 08:00:00,10127432,-65536,0,-65536,0,386.6051,12345678,-2359296,428,-65536,0,320.65186,10127430,-65536,1,-65536,0,0,12345785,-65536,50,-65536,499,506.43164,,-65536,100,-65536,317,315.0932
2024-10-30 09:00:00,10127432,-65536,0,-65536,0,386.6051,12345678,-2359296,428,-65536,0,320.65186,10127430,-65536,1,-65536,0,0,12345785,-65536,50,-65536,499,506.43164,,-65536,100,-65536,317,315.0932
2024-10-30 10:00:00,10127432,-65536,0,-65536,0,386.6051,12345678,-2359296,428,-65536,0,320.65186,10127430,-65536,1,-65536,0,0,12345785,-65536,50,-65536,499,506.43164,,-65536,100,-65536,317,315.0932
2024-10-30 11:00:00,10127432,-65536,0,-65536,0,386.6051,12345678,-2359296,428,-65536,0,320.65186,10127430,-65536,1,-65536,0,0,12345785,-65536,50,-65536,499,506.43164,,-65536,100,-65536,317,315.0932
2024-10-30 12:00:00,10127432,-65536,0,-65536,0,386.6051,12345678,-2359296,428,-65536,0,320.65186,10127430,-65536,1,-65536,0,0,12345785,-65536,50,-65536,499,506.43164,,-65536,100,-65536,317,315.0932
2024-10-30 13:00:00,10127432,-65536,0,-65536,0,386.6051,12345678,-2359296,428,-65536,0,320.65186,10127430,-65536,1,-65536,0,0,12345785,-65536,50,-65536,499,506.43164,,-65536,100,-65536,317,315.0932
2024-10-30 14:00:00,10127432,-65536,0,-65536,0,386.6051,12345678,-2359296,428,-65536,0,320.65186,10127430,-65536,1,-65536,0,0,12345785,-65536,50,-65536,499,506.43164,,-65536,100,-65536,317,315.0932
2024-10-30 15:00:00,10127432,-65536,0,-65536,0,386.6051,12345678,-2359296,428,-65536,0,320.65186,10127430,-65536,1,-65536,0,0,12345785,-65536,50,-65536,499,506.43164,,-65536,100,-65536,317,315.0932
2024-10-30 16:00:00,10127432,-65536,0,-65536,0,386.6051,12345678,-2359296,428,-65536,0,320.65186,10127430,-65536,1,-65536,0,0,12345785,-65536,50,-65536,499,506.43164,,-65536,100,-65536,317,315.0932
2024-10-30 17:00:00,10127432,-65536,0,-65536,0,386.6051,12345678,-2359296,428,-65536,0,320.65186,10127430,-65536,1,-65536,0,0,12345785,-65536,50,-65536,499,506.43164,,-65536,100,-65536,317,315.0932
2024-10-30 18:00:00,10127432,-65536,0,-65536,0,386.6051,12345678,-2359296,428,-65536,0,320.65186,10127430,-65536,1,-65536,0,0,12345785,-65536,50,-65536,499,506.43164,,-65536,100,-65536,317,315.0932
2024-10-30 19:00:00,10127432,-65536,0,-65536,0,386.6051,12345678,-2359296,428,-65536,0,320.65186,10127430,-65536,1,-65536,0,0,12345785,-65536,50,-65536,499,506.43164,,-65536,100,-65536,317,315.0932
2024-10-30 20:00:00,10127432,-65536,0,-65536,0,386.6051,12345678,-2359296,428,-65536,0,320.65186,10127430,-65536,1,-65536,0,0,12345785,-65536,50,-65536,499,506.43164,,-65536,100,-65536,317,315.0932
2024-10-30 21:00:00,10127432,-65536,0,-65536,0,386.6051,12345678,-2359296,428,-65536,0,320.65186,10127430,-65536,1,-65536,0,0,12345785,-65536,50,-65536,499,506.43164,,-65536,100,-65536,317,315.0932
2024-10-30 22:00:00,10127432,-65536,0,-65536,0,386.6051,12345678,-2359296,428,-65536,0,320.65186,10127430,-65536,1,-65536,0,0,12345785,-65536,50,-65536,499,506.43164,,-65536,100,-65536,317,315.0932
2024-10-30 23:00:00,10127432,-65536,0,-65536,0,386.6051,12345678,-2359296,428,-65536,0,320.65186,10127430,-65536,1,-65536,0,0,12345785,-65536,50,-65536,499,506.43164,,-65536,100,-65536,317,315.0932
2024-10-31 00:00:00,10127432,-65536,0,-65536,0,386.6051,12345678,-2359296,428,-65536,0,320.65186,10127430,-65536,1,-65536,0,0,12345785,-65536,50,-65536,499,506.43164,,-65536,100,-65536,317,315.0932
2024-10-31 01:00:00,10127432,-65536,0,-65536,0,386.6051,12345678,-2359296,428,-65536,0,320.65186,10127430,-65536,1,-65536,0,0,12345785,-65536,50,-65536,499,506.43164,,-65536,100,-65536,317,315.0932
2024-10-31 02:00:00,10127432,-65536,0,-65536,0,386.6051,12345678,-2359296,428,-65536,0,320.65186,10127430,-65536,1,-65536,0,0,12345785,-65536,50,-65536,499,506.43164,,-65536,100,-65536,317,315.0932
2024-10-31 03:00:00,10127432,-65536,0,-65536,0,386.6051,12345678,-2359296,428,-65536,0,320.65186,10127430,-65536,1,-65536,0,0,12345785,-65536,50,-65536,499,506.43164,,-65536,100,-65536,317,315.0932
2024-10-31 04:00:00,10127432,-65536,0,-65536,0,386.6051,12345678,-2359296,428,-65536,0,320.65186,10127430,-65536,1,-65536,0,0,12345785,-65536,50,-65536,499,506.43164,,-65536,100,-65536,317,315.0932
2024-10-31 05:00:00,10127432,-65536,0,-65536,0,386.6051,12345678,-2359296,428,-65536,0,320.65186,10127430,-65536,1,-65536,0,0,12345785,-65536,50,-65536,499,506.43164,,-65536,100,-65536,317,315.0932
2024-10-31 06:00:00,10127432,-65536,0,-65536,0,386.6051,12345678,-2359296,428,-65536,0,320.65186,10127430,-65536,1,-65536,0,0,12345785,-65536,50,-65536,499,506.43164,,-65536,100,-65536,317,315.0932
2024-10-31 07:00:00,10127432,-65536,0,-65536,0,386.6051,12345678,-2359296,428,-65536,0,320.65186,10127430,-65536,1,-65536,0,0,12345785,-65536,50,-65536,499,506.43164,,-65536,100,-65536,317,315.0932
2024-10-31 08:00:00,10127432,-65536,0,-65536,0,386.6051,12345678,-2359296,428,-65536,0,320.65186,10127430,-65536,1,-65536,0,0,12345785,-65536,50,-65536,499,506.43164,,-65536,100,-65536,317,315.0932
2024-10-31 09:00:00,10127432,-65536,0,-65536,0,386.6051,12345678,-2359296,428,-65536,0,320.65186,10127430,-65536,1,-65536,0,0,12345785,-65536,50,-65536,499,506.43164,,-65536,100,-65536,317,315.0932
2024-10-31 10:00:00,10127432,-65536,0,-65536,0,386.6051,12345678,-2359296,428,-65536,0,320.65186,10127430,-65536,1,-65536,0,0,12345785,-65536,50,-65536,499,506.43164,,-65536,100,-65536,317,315.0932
2024-10-31 11:00:00,10127432,-65536,0,-65536,0,386.6051,12345678,-2359296,428,-65536,0,320.65186,10127430,-65536,1,-65536,0,0,12345785,-65536,50,-65536,499,506.43164,,-65536,100,-65536,317,315.0932
2024-10-31 12:00:00,10127432,-65536,0,-65536,0,386.6051,12345678,-2359296,428,-65536,0,320.65186,10127430,-65536,1,-65536,0,0,12345785,-65536,50,-65536,499,506.43164,,-65536,100,-65536,317,315.0932
2024-10-31 13:00:00,10127432,-65536,0,-65536,0,386.6051,12345678,-2359296,428,-65536,0,320.65186,10127430,-65536,1,-65536,0,0,12345785,-65536,50,-65536,499,506.43164,,-65536,100,-65536,317,315.0932
2024-10-31 14:00:00,10127432,-65536,0,-65536,0,386.6051,12345678,-2359296,428,-65536,0,320.65186,10127430,-65536,1,-65536,0,0,12345785,-65536,50,-65536,499,506.43164,,-65536,100,-65536,317,315.0932
2024-10-31 15:00:00,10127432,-65536,0,-65536,0,386.6051,12345678,-2359296,428,-65536,0,320.65186,10127430,-65536,1,-65536,0,0,12345785,-65536,50,-65536,499,506.43164,,-65536,100,-65536,317,315.0932
2024-10-31 16:00:00,10127432,-65536,0,-65536,0,386.6051,12345678,-2359296,428,-65536,0,320.65186,10127430,-65536,1,-65536,0,0,12345785,-65536,50,-65536,499,506.43164,,-65536,100,-65536,317,315.0932
2024-10-31 17:00:00,10127432,-65536,0,-65536,0,386.6051,12345678,-2359296,428,-65536,0,320.65186,10127430,-65536,1,-65536,0,0,12345785,-65536,50,-65536,499,506.43164,,-65536,100,-65536,317,315.0932
2024-10-31 18:00:00,10127432,-65536,0,-65536,0,386.6051,12345678,-2359296,428,-65536,0,320.65186,10127430,-65536,1,-65536,0,0,12345785,-65536,50,-65536,499,506.03906,,-65536,100,-65536,317,315.0932
2024-10-31 19:00:00,10127432,-65536,0,-65536,0,386.6051,12345678,-2359296,428,-65536,0,320.65186,10127430,-65536,1,-65536,0,0,12345785,-65536,50,-65536,499,506.03906,,-65536,100,-65536,317,315.0932
2024-10-31 20:00:00,10127432,-65536,0,-65536,0,386.6051,12345678,-2359296,428,-65536,0,320.65186,10127430,-65536,1,-65536,0,0,12345785,-65536,50,-65536,499,506.03906,,-65536,100,-65536,317,315.0932
2024-10-31 21:00:00,10127432,-65536,0,-65536,0,386.6051,12345678,-2359296,428,-65536,0,320.65186,10127430,-65536,1,-65536,0,0,12345785,-65536,50,-65536,499,506.03906,,-65536,100,-65536,317,315.0932
2024-10-31 22:00:00,10127432,-65536,0,-65536,0,386.6051,12345678,-2359296,428,-65536,0,320.65186,10127430,-65536,1,-65536,0,0,12345785,-65536,50,-65536,499,506.03906,,-65536,100,-65536,317,315.0932
2024-10-31 23:00:00,10127432,-65536,0,-65536,0,386.6051,12345678,-2359296,428,-65536,0,320.65186,10127430,-65536,1,-65536,0,0,12345785,-65536,50,-65536,499,506.03906,,-65536,100,-65536,317,315.0932
2024-11-01 00:00:00,10127432,-65536,0,-65536,0,386.6051,12345678,-2359296,428,-65536,0,320.65186,10127430,-65536,1,-65536,0,0,12345785,-65536,50,-65536,499,506.03906,,-65536,100,-65536,317,315.0932
2024-11-01 01:00:00,10127432,-65536,0,-65536,0,386.6051,12345678,-2359296,428,-65536,0,320.65186,10127430,-65536,1,-65536,0,0,12345785,-65536,50,-65536,499,506.03906,,-65536,100,-65536,317,315.0932
2024-11-01 02:00:00,10127432,-65536,0,-65536,0,386.6051,12345678,-2359296,428,-65536,0,320.65186,10127430,-65536,1,-65536,0,0,12345785,-65536,50,-65536,499,506.03906,,-65536,100,-65536,317,315.0932
2024-11-01 03:00:00,10127432,-65536,0,-65536,0,386.6051,12345678,-2359296,428,-65536,0,320.65186,10127430,-65536,1,-65536,0,0,12345785,-65536,50,-65536,499,506.43164,,-65536,100,-65536,317,315.0932
2024-11-01 04:00:00,10127432,-65536,0,-65536,0,386.6051,12345678,-2359296,428,-65536,0,320.65186,10127430,-65536,1,-65536,0,0,12345785,-65536,50,-65536,499,506.43164,,-65536,100,-65536,317,315.0932
2024-11-01 05:00:00,10127432,-65536,0,-65536,0,386.6051,12345678,-2359296,428,-65536,0,320.65186,10127430,-65536,1,-65536,0,0,12345785,-65536,50,-65536,499,506.43164,,-65536,100,-65536,317,315.0932
2024-11-01 06:00:00,10127432,-65536,0,-65536,0,386.6051,12345678,-2359296,428,-65536,0,320.65186,10127430,-65536,1,-65536,0,0,12345785,-65536,50,-65536,499,506.43164,,-65536,100,-65536,317,315.0932
2024-11-01 07:00:00,10127432,-65536,0,-65536,0,386.6051,12345678,-2359296,428,-65536,0,320.65186,10127430,-65536,1,-65536,0,0,12345785,-65536,50,-65536,499,506.43164,,-65536,100,-65536,317,315.0932
2024-11-01 08:00:00,10127432,-65536,0,-65536,0,386.6051,12345678,-2359296,428,-65536,0,320.65186,10127430,-65536,1,-65536,0,0,12345785,-65536,50,-65536,499,506.43164,,-65536,100,-65536,317,315.0932
2024-11-01 09:00:00,10127432,-65536,0,-65536,0,386.6051,12345678,-2359296,428,-65536,0,320.65186,10127430,-65536,1,-65536,0,0,12345785,-65536,50,-65536,499,506.43164,,-65536,100,-65536,317,315.0932
2024-11-01 10:00:00,10127432,-65536,0,-65536,0,386.6051,12345678,-2359296,428,-65536,0,320.65186,10127430,-65536,1,-65536,0,0,12345785,-65536,50,-65536,499,506.43164,,-65536,100,-65536,317,315.0932
2024-11-01 11:00:00,10127432,-65536,0,-65536,0,386.6051,12345678,-2359296,428,-65536,0,320.65186,10127430,-65536,1,-65536,0,0,12345785,-65536,50,-65536,499,506.43164,,-65536,100,-65536,317,315.0932
2024-11-01 12:00:00,10127432,-65536,0,-65536,0,386.6051,12345678,-2359296,428,-65536,0,320.65186,10127430,-65536,1,-65536,0,0,12345785,-65536,50,-65536,499,506.43164,,-65536,100,-65536,317,315.0932
2024-11-01 13:00:00,10127432,-65536,0,-65536,0,386.6051,12345678,-2359296,428,-65536,0,320.65186,10127430,-65536,1,-65536,0,0,12345785,-65536,50,-65536,499,506.43164,,-65536,100,-65536,317,315.0932
2024-11-01 14:00:00,10127432,-65536,0,-65536,0,386.6051,12345678,-2359296,428,-65536,0,320.65186,10127430,-65536,1,-65536,0,0,12345785,-65536,50,-65536,499,506.43164,,-65536,100,-65536,317,315.0932
2024-11-01 15:00:00,10127432,-65536,0,-65536,0,386.6051,12345678,-2359296,428,-65536,0,320.65186,10127430,-65536,1,-65536,0,0,12345785,-65536,50,-65536,499,506.43164,,-65536,100,-65536,317,315.0932
2024-11-01 16:00:00,10127432,-65536,0,-65536,0,386.6051,12345678,-2359296,428,-65536,0,320.65186,10127430,-65536,1,-65536,0,0,12345785,-65536,50,-65536,499,506.43164,,-65536,100,-65536,317,315.0932
2024-11-01 17:00:00,10127432,-65536,0,-65536,0,386.6051,12345678,-2359296,428,-65536,0,320.65186,10127430,-65536,1,-65536,0,0,12345785,-65536,50,-65536,499,506.43164,,-65536,100,-65536,317,315.0932
2024-11-01 18:00:00,10127432,-65536,0,-65536,0,386.6051,12345678,-2359296,428,-65536,0,320.65186,10127430,-65536,1,-65536,0,0,12345785,-65536,50,-65536,499,506.43164,,-65536,100,-65536,317,315.0932
2024-11-01 19:00:00,10127432,-65536,0,-65536,0,386.6051,12345678,-2359296,428,-65536,0,320.65186,10127430,-65536,1,-65536,0,0,12345785,-65536,50,-65536,499,506.62793,,-65536,100,-65536,317,315.89679
2024-11-01 20:00:00,10127432,-65536,0,-65536,0,386.6051,12345678,-2359296,428,-65536,0,320.65186,10127430,-65536,1,-65536,0,0,12345785,-65536,50,-65536,499,506.62793,,-65536,100,-65536,317,315.89679
2024-11-01 21:00:00,10127432,-65536,0,-65536,0,386.6051,12345678,-2359296,428,-65536,0,320.65186,10127430,-65536,1,-65536,0,0,12345785,-65536,50,-65536,499,506.62793,,-65536,100,-65536,317,315.89679
2024-11-01 22:00:00,10127432,-65536,0,-65536,0,386.6051,12345678,-2359296,428,-65536,0,320.65186,10127430,-65536,1,-65536,0,0,12345785,-65536,50,-65536,499,506.62793,,-65536,100,-65536,317,315.89679
2024-11-01 23:00:00,10127432,-65536,0,-65536,0,386.6051,12345678,-2359296,428,-65536,0,320.65186,10127430,-65536,1,-65536,0,0,12345785,-65536,50,-65536,499,506.62793,,-65536,100,-65536,317,315.89679
2024-11-02 00:00:00,10127432,-65536,0,-65536,0,386.6051,12345678,-2359296,428,-65536,0,320.65186,10127430,-65536,1,-65536,0,0,12345785,-65536,50,-65536,499,506.62793,,-65536,100,-65536,317,315.89679
2024-11-02 01:00:00,10127432,-65536,0,-65536,0,386.6051,12345678,-2359296,428,-65536,0,320.65186,10127430,-65536,1,-65536,0,0,12345785,-65536,50,-65536,499,506.62793,,-65536,100,-65536,317,315.89679
2024-11-02 02:00:00,10127432,-65536,0,-65536,0,386.6051,12345678,-2359296,428,-65536,0,320.65186,10127430,-65536,1,-65536,0,0,12345785,-65536,50,-65536,499,506.62793,,-65536,100,-65536,317,315.89679
2024-11-02 03:00:00,10127432,-65536,0,-65536,0,386.6051,12345678,-2359296,428,-65536,0,320.65186,10127430,-65536,1,-65536,0,0,12345785,-65536,50,-65536,499,506.62793,,-65536,100,-65536,317,315.89679
2024-11-02 04:00:00,10127432,-65536,0,-65536,0,386.6051,12345678,-2359296,428,-65536,0,320.65186,10127430,-65536,1,-65536,0,0,12345785,-65536,50,-65536,499,506.62793,,-65536,100,-65536,317,315.89679
2024-11-02 05:00:00,10127432,-65536,0,-65536,0,386.6051,12345678,-2359296,428,-65536,0,320.65186,10127430,-65536,1,-65536,0,0,12345785,-65536,50,-65536,499,506.62793,,-65536,100,-65536,317,315.89679
2024-11-02 06:00:00,10127432,-65536,0,-65536,0,386.6051,12345678,-2359296,428,-65536,0,320.65186,10127430,-65536,1,-65536,0,0,12345785,-65536,50,-65536,499,506.62793,,-65536,100,-65536,317,315.89679
2024-11-02 07:00:00,10127432,-65536,0,-65536,0,386.6051,12345678,-2359296,428,-65536,0,320.65186,10127430,-65536,1,-65536,0,0,12345785,-65536,50,-65536,499,506.62793,,-65536,100,-65536,317,315.89679
2024-11-02 08:00:00,10127432,-65536,0,-65536,0,386.6051,12345678,-2359296,428,-65536,0,320.65186,10127430,-65536,1,-65536,0,0,12345785,-65536,50,-65536,499,506.62793,,-65536,100,-65536,317,315.89679
2024-11-02 09:00:00,10127432,-65536,0,-65536,0,386.6051,12345678,-2359296,428,-65536,0,320.65186,10127430,-65536,1,-65536,0,0,12345785,-65536,50,-65536,499,506.62793,,-65536,100,-65536,317,315.89679
2024-11-02 10:00:00,10127432,-65536,0,-65536,0,386.6051,12345678,-2359296,428,-65536,0,320.65186,10127430,-65536,1,-65536,0,0,12345785,-65536,50,-65536,499,506.62793,,-65536,100,-65536,317,315.89679
2024-11-02 11:00:00,10127432,-65536,0,-65536,0,386.6051,12345678,-2359296,428,-65536,0,320.65186,10127430,-65536,1,-65536,0,0,12345785,-65536,50,-65536,499,506.62793,,-65536,100,-65536,317,315.89679
2024-11-02 12:00:00,10127432,-65536,0,-65536,0,386.6051,12345678,-2359296,428,-65536,0,320.65186,10127430,-65536,1,-65536,0,0,12345785,-65536,50,-65536,499,506.62793,,-65536,100,-65536,317,315.89679
2024-11-02 13:00:00,10127432,-65536,0,-65536,0,386.6051,12345678,-2359296,428,-65536,0,320.65186,10127430,-65536,1,-65536,0,0,12345785,-65536,50,-65536,499,506.62793,,-65536,100,-65536,317,315.89679
2024-11-02 14:00:00,10127432,-65536,0,-65536,0,386.6051,12345678,-2359296,428,-65536,0,320.65186,10127430,-65536,1,-65536,0,0,12345785,-65536,50,-65536,499,506.62793,,-65536,100,-65536,317,315.89679
2024-11-02 15:00:00,10127432,-65536,0,-65536,0,386.6051,12345678,-2359296,428,-65536,0,320.65186,10127430,-65536,1,-65536,0,0,12345785,-65536,50,-65536,499,506.62793,,-65536,100,-65536,317,315.89679
2024-11-02 16:00:00,10127432,-65536,0,-65536,0,386.6051,12345678,-2359296,428,-65536,0,320.65186,10127430,-65536,1,-65536,0,0,12345785,-65536,50,-65536,499,506.62793,,-65536,100,-65536,317,315.89679
2024-11-02 17:00:00,10127432,-65536,0,-65536,0,386.6051,12345678,-2359296,428,-65536,0,320.65186,10127430,-65536,1,-65536,0,0,12345785,-65536,50,-65536,499,506.62793,,-65536,100,-65536,317,315.89679
2024-11-02 18:00:00,10127432,-65536,0,-65536,0,386.6051,12345678,-2359296,428,-65536,0,320.65186,10127430,-65536,1,-65536,0,0,12345785,-65536,50,-65536,499,506.62793,,-65536,100,-65536,317,315.89679
2024-11-02 19:00:00,10127432,-65536,0,-65536,0,386.6051,12345678,-2359296,428,-65536,0,320.65186,10127430,-65536,1,-65536,0,0,12345785,-65536,50,-65536,499,506.62793,,-65536,100,-65536,317,315.89679
2024-11-02 20:00:00,10127432,-65536,0,-65536,0,386.6051,12345678,-2359296,428,-65536,0,320.65186,10127430,-65536,1,-65536,0,0,12345785,-65536,50,-65536,499,506.62793,,-65536,100,-65536,317,315.89679
2024-11-02 21:00:00,10127432,-65536,0,-65536,0,386.6051,12345678,-2359296,428,-65536,0,320.65186,10127430,-65536,1,-65536,0,0,12345785,-65536,50,-65536,499,506.62793,,-65536,100,-65536,317,315.89679
2024-11-02 22:00:00,10127432,-65536,0,-65536,0,386.6051,12345678,-2359296,428,-65536,0,320.65186,10127430,-65536,1,-65536,0,0,12345785,-65536,50,-65536,499,506.62793,,-65536,100,-65536,317,315.89679
2024-11-02 23:00:00,10127432,-65536,0,-65536,0,386.6051,12345678,-2359296,428,-65536,0,320.65186,10127430,-65536,1,-65536,0,0,12345785,-65536,50,-65536,499,506.62793,,-65536,100,-65536,317,315.89679
2024-11-03 00:00:00,10127432,-65536,0,-65536,0,386.6051,12345678,-2359296,428,-65536,0,320.65186,10127430,-65536,1,-65536,0,0,12345785,-65536,50,-65536,499,506.62793,,-65536,100,-65536,317,315.89679
2024-11-03 01:00:00,10127432,-65536,0,-65536,0,386.6051,12345678,-2359296,428,-65536,0,320.65186,10127430,-65536,1,-65536,0,0,12345785,-65536,50,-65536,499,506.62793,,-65536,100,-65536,317,315.89679
2024-11-03 02:00:00,10127432,-65536,0,-65536,0,386.6051,12345678,-2359296,428,-65536,0,320.65186,10127430,-65536,1,-65536,0,0,12345785,-65536,50,-65536,499,506.62793,,-65536,100,-65536,317,315.89679
2024-11-03 03:00:00,10127432,-65536,0,-65536,0,386.6051,12345678,-2359296,428,-65536,0,320.65186,10127430,-65536,1,-65536,0,0,12345785,-65536,50,-65536,499,506.62793,,-65536,100,-65536,317,315.89679
2024-11-03 04:00:00,10127432,-65536,0,-65536,0,386.6051,12345678,-2359296,428,-65536,0,320.65186,10127430,-65536,1,-65536,0,0,12345785,-65536,50,-65536,499,506.62793,,-65536,100,-65536,317,315.89679
2024-11-03 05:00:00,10127432,-65536,0,-65536,0,386.6051,12345678,-2359296,428,-65536,0,320.65186,10127430,-65536,1,-65536,0,0,12345785,-65536,50,-65536,499,506.62793,,-65536,100,-65536,317,315.89679
2024-11-03 06:00:00,10127432,-65536,0,-65536,0,386.6051,12345678,-2359296,428,-65536,0,320.65186,10127430,-65536,1,-65536,0,0,12345785,-65536,50,-65536,499,506.62793,,-65536,100,-65536,317,315.89679
2024-11-03 07:00:00,10127432,-65536,0,-65536,0,386.6051,12345678,-2359296,428,-65536,0,320.65186,10127430,-65536,1,-65536,0,0,12345785,-65536,50,-65536,499,506.62793,,-65536,100,-65536,317,315.89679
2024-11-03 08:00:00,10127432,-65536,0,-65536,0,386.6051,12345678,-2359296,428,-65536,0,320.65186,10127430,-65536,1,-65536,0,0,12345785,-65536,50,-65536,499,506.62793,,-65536,100,-65536,317,315.89679
2024-11-03 09:00:00,10127432,-65536,0,-65536,0,386.6051,12345678,-2359296,428,-65536,0,320.65186,10127430,-65536,1,-65536,0,0,12345785,-65536,50,-65536,499,506.62793,,-65536,100,-65536,317,315.89679
2024-11-03 10:00:00,10127432,-65536,0,-65536,0,386.6051,12345678,-2359296,428,-65536,0,320.65186,10127430,-65536,1,-65536,0,0,12345785,-65536,50,-65536,499,506.62793,,-65536,100,-65536,317,315.89679
2024-11-03 11:00:00,10127432,-65536,0,-65536,0,386.6051,12345678,-2359296,428,-65536,0,320.65186,10127430,-65536,1,-65536,0,0,12345785,-65536,50,-65536,499,506.62793,,-65536,100,-65536,317,315.89679
2024-11-03 12:00:00,10127432,-65536,0,-65536,0,386.6051,12345678,-2359296,428,-65536,0,320.65186,10127430,-65536,1,-65536,0,0,12345785,-65536,50,-65536,499,506.62793,,-65536,100,-65536,317,315.89679
2024-11-03 13:00:00,10127432,-65536,0,-65536,0,386.6051,12345678,-2359296,428,-65536,0,320.65186,10127430,-65536,1,-65536,0,0,12345785,-65536,50,-65536,499,506.62793,,-65536,100,-65536,317,315.89679
2024-11-03 14:00:00,10127432,-65536,0,-65536,0,386.6051,12345678,-2359296,428,-65536,0,320.65186,10127430,-65536,1,-65536,0,0,12345785,-65536,50,-65536,499,506.62793,,-65536,100,-65536,317,315.89679
2024-11-03 15:00:00,10127432,-65536,0,-65536,0,386.6051,12345678,-2359296,428,-65536,0,320.65186,10127430,-65536,1,-65536,0,0,12345785,-65536,50,-65536,499,506.62793,,-65536,100,-65536,317,315.89679
2024-11-03 16:00:00,10127432,-65536,0,-65536,0,386.6051,12345678,-2359296,428,-65536,0,320.65186,10127430,-65536,1,-65536,0,0,12345785,-65536,50,-65536,499,506.62793,,-65536,100,-65536,317,315.89679
2024-11-03 17:00:00,10127432,-65536,0,-65536,0,386.6051,12345678,-2359296,428,-65536,0,320.65186,10127430,-65536,1,-65536,0,0,12345785,-65536,50,-65536,499,506.62793,,-65536,100,-65536,317,315.89679
2024-11-03 18:00:00,10127432,-65536,0,-65536,0,386.6051,12345678,-2359296,428,-65536,0,320.65186,10127430,-65536,1,-65536,0,0,12345785,-65536,50,-65536,499,506.62793,,-65536,100,-65536,317,315.89679
2024-11-03 19:00:00,10127432,-65536,0,-65536,0,386.6051,12345678,-2359296,428,-65536,0,320.65186,10127430,-65536,1,-65536,0,0,12345785,-65536,50,-65536,499,506.62793,,-65536,100,-65536,317,315.89679
2024-11-03 20:00:00,10127432,-65536,0,-65536,0,386.6051,12345678,-2359296,428,-65536,0,320.65186,10127430,-65536,1,-65536,0,0,12345785,-65536,50,-65536,499,506.62793,,-65536,100,-65536,317,315.89679
2024-11-03 21:00:00,10127432,-65536,0,-65536,0,386.6051,12345678,-2359296,428,-65536,0,320.65186,10127430,-65536,1,-65536,0,0,12345785,-65536,50,-65536,499,506.62793,,-65536,100,-65536,317,315.89679
2024-11-03 22:00:00,10127432,-65536,0,-65536,0,386.6051,12345678,-2359296,428,-65536,0,320.65186,10127430,-65536,1,-65536,0,0,12345785,-65536,50,-65536,499,506.62793,,-65536,100,-65536,317,315.89679
2024-11-03 23:00:00,10127432,-65536,0,-65536,0,386.6051,12345678,-2359296,428,-65536,0,320.65186,10127430,-65536,1,-65536,0,0,12345785,-65536,50,-65536,499,506.62793,,-65536,100,-65536,317,315.89679
2024-11-04 00:00:00,10127432,-65536,0,-65536,0,386.6051,12345678,-2359296,428,-65536,0,320.65186,10127430,-65536,1,-65536,0,0,12345785,-65536,50,-65536,499,506.62793,,-65536,100,-65536,317,315.89679
2024-11-04 01:00:00,10127432,-65536,0,-65536,0,386.6051,12345678,-2359296,428,-65536,0,320.65186,10127430,-65536,1,-65536,0,0,12345785,-65536,50,-65536,499,506.62793,,-65536,100,-65536,317,315.89679
2024-11-04 02:00:00,10127432,-65536,0,-65536,0,386.6051,12345678,-2359296,428,-65536,0,320.65186,10127430,-65536,1,-65536,0,0,12345785,-65536,50,-65536,499,506.62793,,-65536,100,-65536,317,315.89679
2024-11-04 03:00:00,10127432,-65536,0,-65536,0,386.6051,12345678,-2359296,428,-65536,0,320.65186,10127430,-65536,1,-65536,0,0,12345785,-65536,50,-65536,499,506.62793,,-65536,100,-65536,317,315.89679
2024-11-04 04:00:00,10127432,-65536,0,-65536,0,386.6051,12345678,-2359296,428,-65536,0,320.65186,10127430,-65536,1,-65536,0,0,12345785,-65536,50,-65536,499,506.62793,,-65536,100,-65536,317,315.89679
2024-11-04 05:00:00,10127432,-65536,0,-65536,0,386.6051,12345678,-2359296,428,-65536,0,320.65186,10127430,-65536,1,-65536,0,0,12345785,-65536,50,-65536,499,506.62793,,-65536,100,-65536,317,315.89679
2024-11-04 06:00:00,10127432,-65536,0,-65536,0,386.6051,12345678,-2359296,428,-65536,0,320.65186,10127430,-65536,1,-65536,0,0,12345785,-65536,50,-65536,499,506.62793,,-65536,100,-65536,317,315.89679
2024-11-04 07:00:00,10127432,-65536,0,-65536,0,386.6051,12345678,-2359296,428,-65536,0,320.65186,10127430,-65536,1,-65536,0,0,12345785,-65536,50,-65536,499,506.62793,,-65536,100,-65536,317,315.89679
2024-11-04 08:00:00,10127432,-65536,0,-65536,0,386.6051,12345678,-2359296,428,-65536,0,320.65186,10127430,-65536,1,-65536,0,0,12345785,-65536,50,-65536,499,506.62793,,-65536,100,-65536,317,315.89679
2024-11-04 09:00:00,10127432,-65536,0,-65536,0,386.6051,12345678,-2359296,428,-65536,0,320.65186,10127430,-65536,1,-65536,0,0,12345785,-65536,50,-65536,499,506.62793,,-65536,100,-65536,317,315.89679
2024-11-04 10:00:00,10127432,-65536,0,-65536,0,386.6051,12345678,-2359296,428,-65536,0,320.65186,10127430,-65536,1,-65536,0,0,12345785,-65536,50,-65536,499,506.62793,,-65536,100,-65536,317,315.89679
2024-11-04 11:00:00,10127432,-65536,0,-65536,0,386.6051,12345678,-2359296,428,-65536,0,320.65186,10127430,-65536,1,-65536,0,0,12345785,-65536,50,-65536,499,506.62793,,-65536,100,-65536,317,315.89679
2024-11-04 12:00:00,10127432,-65536,0,-65536,0,386.6051,12345678,-2359296,428,-65536,0,320.65186,10127430,-65536,1,-65536,0,0,12345785,-65536,50,-65536,499,506.62793,,-65536,100,-65536,317,315.89679
2024-11-04 13:00:00,10127432,-65536,0,-65536,0,386.6051,12345678,-2359296,428,-65536,0,320.65186,10127430,-65536,1,-65536,0,0,12345785,-65536,50,-65536,499,506.62793,,-65536,100,-65536,317,315.89679
2024-11-04 14:00:00,10127432,-65536,0,-65536,0,386.6051,12345678,-2359296,428,-65536,0,320.65186,10127430,-65536,1,-65536,0,0,12345785,-65536,50,-65536,499,506.62793,,-65536,100,-65536,317,315.89679
2024-11-04 15:00:00,10127432,-65536,0,-65536,0,386.6051,12345678,-2359296,428,-65536,0,320.65186,10127430,-65536,1,-65536,0,0,12345785,-65536,50,-65536,499,506.62793,,-65536,100,-65536,317,315.89679
2024-11-04 16:00:00,10127432,-65536,0,-65536,0,386.6051,12345678,-2359296,428,-65536,0,320.65186,10127430,-65536,1,-65536,0,0,12345785,-65536,50,-65536,499,506.62793,,-65536,100,-65536,317,315.89679
2024-11-04 17:00:00,10127432,-65536,0,-65536,0,386.6051,12345678,-2359296,428,-65536,0,320.65186,10127430,-65536,1,-65536,0,0,12345785,-65536,50,-65536,499,506.62793,,-65536,100,-65536,317,315.89679
2024-11-04 18:00:00,10127432,-65536,0,-65536,0,386.6051,12345678,-2359296,428,-65536,0,320.65186,10127430,-65536,1,-65536,0,0,12345785,-65536,50,-65536,499,506.62793,,-65536,100,-65536,317,315.89679
2024-11-04 19:00:00,10127432,-65536,0,-65536,0,386.6051,12345678,-2359296,428,-65536,0,320.65186,10127430,-65536,1,-65536,0,0,12345785,-65536,50,-65536,499,506.62793,,-65536,100,-65536,317,315.89679
2024-11-04 20:00:00,10127432,-65536,0,-65536,0,386.6051,12345678,-2359296,428,-65536,0,320.65186,10127430,-65536,1,-65536,0,0,12345785,-65536,50,-65536,499,506.62793,,-65536,100,-65536,317,315.89679
2024-11-04 21:00:00,10127432,-65536,0,-65536,0,386.6051,12345678,-2359296,428,-65536,0,320.65186,10127430,-65536,1,-65536,0,0,12345785,-65536,50,-65536,499,506.62793,,-65536,100,-65536,317,315.89679
2024-11-04 22:00:00,10127432,-65536,0,-65536,0,386.6051,12345678,-2359296,428,-65536,0,320.65186,10127430,-65536,1,-65536,0,0,12345785,-65536,50,-65536,499,506.62793,,-65536,100,-65536,317,315.89679
2024-11-04 23:00:00,10127432,-65536,0,-65536,0,386.6051,12345678,-2359296,428,-65536,0,320.65186,10127430,-65536,1,-65536,0,0,12345785,-65536,50,-65536,499,506.62793,,-65536,100,-65536,317,315.89679
2024-11-05 00:00:00,10127432,-65536,0,-65536,0,386.6051,12345678,-2359296,428,-65536,0,320.65186,10127430,-65536,1,-65536,0,0,12345785,-65536,50,-65536,499,506.62793,,-65536,100,-65536,317,315.89679
2024-11-05 01:00:00,10127432,-65536,0,-65536,0,386.6051,12345678,-2359296,428,-65536,0,320.65186,10127430,-65536,1,-65536,0,0,12345785,-65536,50,-65536,499,506.62793,,-65536,100,-65536,317,315.89679
2024-11-05 02:00:00,10127432,-65536,0,-65536,0,386.6051,12345678,-2359296,428,-65536,0,320.65186,10127430,-65536,1,-65536,0,0,12345785,-65536,50,-65536,499,506.62793,,-65536,100,-65536,317,315.89679
2024-11-05 03:00:00,10127432,-65536,0,-65536,0,386.6051,12345678,-2359296,428,-65536,0,320.65186,10127430,-65536,1,-65536,0,0,12345785,-65536,50,-65536,499,506.62793,,-65536,100,-65536,317,315.89679
2024-11-05 04:00:00,10127432,-65536,0,-65536,0,386.6051,12345678,-2359296,428,-65536,0,320.65186,10127430,-65536,1,-65536,0,0,12345785,-65536,50,-65536,499,506.62793,,-65536,100,-65536,317,315.89679
2024-11-05 05:00:00,10127432,-65536,0,-65536,0,386.6051,12345678,-2359296,428,-65536,0,320.65186,10127430,-65536,1,-65536,0,0,12345785,-65536,50,-65536,499,506.62793,,-65536,100,-65536,317,315.89679
2024-11-05 06:00:00,10127432,-65536,0,-65536,0,386.6051,12345678,-2359296,428,-65536,0,320.65186,10127430,-65536,1,-65536,0,0,12345785,-65536,50,-65536,499,506.62793,,-65536,100,-65536,317,315.89679
2024-11-05 07:00:00,10127432,-65536,0,-65536,0,386.6051,12345678,-2359296,428,-65536,0,320.65186,10127430,-65536,1,-65536,0,0,12345785,-65536,50,-65536,499,506.62793,,-65536,100,-65536,317,315.89679
2024-11-05 08:00:00,10127432,-65536,0,-65536,0,386.6051,12345678,-2359296,428,-65536,0,320.65186,10127430,-65536,1,-65536,0,0,12345785,-65536,50,-65536,499,506.62793,,-65536,100,-65536,317,315.89679
2024-11-05 09:00:00,10127432,-65536,0,-65536,0,386.6051,12345678,-2359296,428,-65536,0,320.65186,10127430,-65536,1,-65536,0,0,12345785,-65536,50,-65536,499,506.62793,,-65536,100,-65536,317,315.89679
2024-11-05 10:00:00,10127432,-65536,0,-65536,0,386.6051,12345678,-2359296,428,-65536,0,320.65186,10127430,-65536,1,-65536,0,0,12345785,-65536,50,-65536,499,506.62793,,-65536,100,-65536,317,315.89679
2024-11-05 11:00:00,10127432,-65536,0,-65536,0,386.6051,12345678,-2359296,428,-65536,0,320.65186,10127430,-65536,1,-65536,0,0,12345785,-65536,50,-65536,499,506.62793,,-65536,100,-65536,317,315.89679
2024-11-05 12:00:00,10127432,-65536,0,-65536,0,386.6051,12345678,-2359296,428,-65536,0,320.65186,10127430,-65536,1,-65536,0,0,12345785,-65536,50,-65536,499,504.07617,,-65536,100,-65536,599.59827,315.89679
2024-11-05 13:00:00,10127432,-65536,0,-65536,0,386.6051,12345678,-2359296,428,-65536,0,320.65186,10127430,-65536,1,-65536,0,0,12345785,-65536,50,-65536,499,504.07617,,-65536,100,-65536,899.47339,315.89679
2024-11-05 14:00:00,10127432,-65536,0,-65536,0,386.6051,12345678,-2359296,428,-65536,0,320.65186,10127430,-65536,1,-65536,0,0,12345785,-65536,50,-65536,499,504.07617,,-65536,100,-65536,1199.3485,315.89679
2024-11-05 15:00:00,10127432,-65536,0,-65536,0,386.6051,12345678,-2359296,428,-65536,0,320.65186,10127430,-65536,1,-65536,0,0,12345785,-65536,50,-65536,499,504.07617,,-65536,100,-65536,1499.2235,315.89679
2024-11-05 16:00:00,10127432,-65536,0,-65536,0,386.6051,12345678,-2359296,428,-65536,0,320.65186,10127430,-65536,1,-65536,0,0,12345785,-65536,50,-65536,499,504.07617,,-65536,100,-65536,1799.0986,315.89679
2024-11-05 17:00:00,10127432,-65536,0,-65536,0,386.6051,12345678,-2359296,428,-65536,0,320.65186,10127430,-65536,1,-65536,0,0,12345785,-65536,50,-65536,499,504.07617,,-65536,100,-65536,2098.9739,315.89679
2024-11-05 18:00:00,10127432,-65536,0,-65536,0,386.6051,12345678,-2359296,428,-65536,0,320.65186,10127430,-65536,1,-65536,0,0,12345785,-65536,50,-65536,499,504.07617,,-65536,100,-65536,2398.8489,315.89679
2024-11-05 19:00:00,10127432,-65536,0,-65536,0,386.6051,12345678,-2359296,428,-65536,0,320.65186,10127430,-65536,1,-65536,0,0,12345785,-65536,50,-65536,499,504.07617,,-65536,100,-65536,2447,2446.7407
